PARTICIPANT_ID,Y_LOGISTIC
0,0
1,0
2,0
3,0
4,1
5,0
6,0
7,0
8,1
9,1
10,0
11,0
12,1
13,0
14,1
15,0
16,0
17,0
18,0
19,0
20,1
21,0
22,0
23,1
24,0
25,1
26,1
27,0
28,0
29,0
30,0
31,0
32,0
33,1
34,0
35,0
36,0
37,1
38,0
39,1
40,0
41,0
42,0
43,0
44,1
45,0
46,0
47,0
48,0
49,0
50,1
51,1
52,0
53,0
54,1
55,1
56,0
57,0
58,0
59,0
60,0
61,0
62,1
63,1
64,0
65,0
66,0
67,0
68,1
69,0
70,0
71,1
72,0
73,0
74,1
75,0
76,1
77,0
78,0
79,1
80,1
81,0
82,1
83,0
84,0
85,1
86,1
87,0
88,0
89,0
90,0
91,0
92,0
93,0
94,1
95,0
96,1
97,1
98,0
99,0
100,0
101,0
102,1
103,0
104,1
105,1
106,1
107,0
108,0
109,0
110,0
111,0
112,0
113,1
114,0
115,1
116,0
117,1
118,0
119,0
120,1
121,0
122,0
123,0
124,0
125,0
126,0
127,0
128,0
129,0
130,0
131,0
132,0
133,0
134,0
135,0
136,0
137,0
138,1
139,1
140,0
141,0
142,1
143,0
144,1
145,0
146,0
147,0
148,1
149,0
150,0
151,0
152,0
153,1
154,1
155,0
156,0
157,0
158,0
159,1
160,0
161,0
162,0
163,0
164,0
165,0
166,0
167,1
168,0
169,0
170,0
171,0
172,0
173,1
174,1
175,1
176,0
177,0
178,0
179,0
180,0
181,1
182,0
183,1
184,0
185,0
186,0
187,0
188,1
189,0
190,0
191,1
192,1
193,0
194,0
195,1
196,1
197,0
198,0
199,0
200,0
201,0
202,0
203,0
204,1
205,0
206,0
207,0
208,0
209,0
210,0
211,0
212,0
213,1
214,0
215,1
216,1
217,1
218,1
219,0
220,1
221,0
222,0
223,0
224,0
225,0
226,1
227,0
228,0
229,1
230,1
231,0
232,0
233,0
234,1
235,1
236,0
237,1
238,1
239,1
240,0
241,0
242,0
243,0
244,1
245,0
246,0
247,0
248,1
249,0
250,0
251,0
252,0
253,0
254,1
255,1
256,1
257,0
258,0
259,0
260,0
261,1
262,1
263,1
264,1
265,0
266,0
267,0
268,1
269,0
270,0
271,0
272,0
273,0
274,0
275,0
276,1
277,1
278,0
279,0
280,0
281,0
282,0
283,1
284,1
285,1
286,0
287,0
288,0
289,0
290,1
291,0
292,0
293,0
294,1
295,1
296,0
297,0
298,0
299,1
300,0
301,1
302,0
303,1
304,1
305,0
306,0
307,0
308,0
309,0
310,0
311,0
312,0
313,1
314,0
315,0
316,1
317,0
318,1
319,0
320,0
321,0
322,0
323,0
324,0
325,0
326,1
327,1
328,1
329,0
330,1
331,0
332,0
333,0
334,0
335,1
336,1
337,0
338,0
339,0
340,0
341,0
342,0
343,0
344,0
345,0
346,1
347,1
348,1
349,0
350,0
351,0
352,0
353,1
354,0
355,1
356,1
357,0
358,0
359,0
360,1
361,0
362,0
363,0
364,0
365,0
366,0
367,0
368,0
369,0
370,1
371,0
372,1
373,1
374,0
375,0
376,0
377,0
378,1
379,0
380,1
381,1
382,1
383,0
384,0
385,0
386,0
387,0
388,0
389,1
390,0
391,0
392,0
393,0
394,0
395,0
396,0
397,0
398,0
399,1
400,1
401,1
402,0
403,0
404,0
405,0
406,1
407,0
408,0
409,1
410,0
411,0
412,0
413,1
414,0
415,0
416,1
417,0
418,0
419,0
420,0
421,1
422,0
423,0
424,1
425,1
426,1
427,0
428,0
429,0
430,0
431,0
432,0
433,0
434,0
435,0
436,0
437,0
438,0
439,1
440,1
441,0
442,0
443,0
444,0
445,0
446,1
447,0
448,0
449,1
450,0
451,0
452,0
453,1
454,0
455,1
456,0
457,0
458,0
459,0
460,0
461,0
462,0
463,1
464,0
465,0
466,0
467,0
468,0
469,0
470,0
471,0
472,0
473,0
474,0
475,0
476,0
477,0
478,0
479,0
480,0
481,0
482,0
483,0
484,0
485,1
486,0
487,0
488,0
489,0
490,0
491,1
492,0
493,0
494,0
495,0
496,0
497,0
498,0
499,1
500,0
501,0
502,0
503,1
504,0
505,0
506,0
507,1
508,0
509,0
510,0
511,0
512,0
513,0
514,1
515,0
516,0
517,0
518,0
519,0
520,0
521,0
522,1
523,0
524,0
525,0
526,0
527,1
528,0
529,0
530,0
531,1
532,1
533,0
534,0
535,1
536,1
537,1
538,1
539,0
540,1
541,0
542,1
543,0
544,0
545,0
546,1
547,0
548,0
549,0
550,1
551,0
552,0
553,1
554,0
555,0
556,1
557,0
558,0
559,0
560,0
561,1
562,1
563,0
564,0
565,0
566,0
567,1
568,0
569,0
570,1
571,0
572,0
573,1
574,0
575,0
576,1
577,0
578,0
579,0
580,0
581,0
582,1
583,1
584,0
585,0
586,1
587,0
588,0
589,1
590,0
591,0
592,0
593,1
594,0
595,0
596,0
597,0
598,1
599,0
600,0
601,1
602,1
603,0
604,1
605,0
606,0
607,0
608,1
609,0
610,0
611,0
612,0
613,0
614,1
615,0
616,1
617,0
618,0
619,1
620,0
621,0
622,1
623,0
624,0
625,0
626,1
627,1
628,1
629,0
630,1
631,1
632,0
633,1
634,0
635,0
636,0
637,0
638,0
639,0
640,0
641,0
642,0
643,0
644,0
645,0
646,0
647,1
648,0
649,0
650,0
651,0
652,0
653,0
654,0
655,0
656,0
657,0
658,0
659,0
660,0
661,1
662,0
663,0
664,1
665,0
666,0
667,0
668,0
669,0
670,0
671,0
672,0
673,0
674,0
675,0
676,0
677,0
678,1
679,0
680,1
681,0
682,1
683,0
684,0
685,0
686,0
687,0
688,0
689,0
690,0
691,0
692,1
693,0
694,1
695,0
696,1
697,0
698,0
699,0
700,0
701,0
702,1
703,0
704,0
705,0
706,0
707,0
708,0
709,0
710,0
711,0
712,1
713,0
714,0
715,0
716,0
717,0
718,0
719,0
720,1
721,0
722,1
723,0
724,1
725,0
726,0
727,0
728,0
729,0
730,0
731,0
732,0
733,0
734,0
735,0
736,0
737,0
738,0
739,0
740,0
741,1
742,0
743,0
744,0
745,1
746,1
747,0
748,0
749,0
750,0
751,0
752,0
753,0
754,1
755,1
756,0
757,0
758,1
759,0
760,0
761,0
762,0
763,0
764,0
765,0
766,1
767,0
768,0
769,0
770,0
771,1
772,1
773,0
774,1
775,0
776,0
777,0
778,0
779,0
780,0
781,1
782,1
783,0
784,0
785,1
786,1
787,0
788,1
789,1
790,0
791,0
792,0
793,0
794,1
795,0
796,0
797,0
798,0
799,0
800,0
801,0
802,1
803,0
804,0
805,0
806,1
807,1
808,0
809,1
810,0
811,0
812,0
813,0
814,0
815,0
816,1
817,0
818,1
819,1
820,0
821,1
822,0
823,0
824,0
825,0
826,0
827,0
828,0
829,1
830,0
831,1
832,0
833,1
834,1
835,0
836,0
837,0
838,0
839,1
840,0
841,0
842,0
843,0
844,0
845,0
846,1
847,0
848,0
849,1
850,0
851,1
852,0
853,1
854,0
855,0
856,0
857,1
858,0
859,1
860,0
861,0
862,1
863,1
864,0
865,1
866,0
867,0
868,1
869,0
870,0
871,1
872,1
873,0
874,0
875,0
876,0
877,1
878,0
879,0
880,0
881,0
882,0
883,1
884,0
885,0
886,0
887,0
888,0
889,0
890,0
891,0
892,0
893,1
894,0
895,0
896,0
897,0
898,1
899,0
900,0
901,0
902,0
903,0
904,0
905,1
906,0
907,0
908,0
909,0
910,0
911,0
912,0
913,1
914,1
915,1
916,1
917,0
918,0
919,1
920,0
921,0
922,0
923,1
924,0
925,0
926,1
927,0
928,0
929,0
930,0
931,1
932,0
933,0
934,1
935,0
936,0
937,0
938,1
939,1
940,0
941,0
942,1
943,0
944,1
945,1
946,0
947,0
948,1
949,1
950,0
951,0
952,0
953,1
954,0
955,0
956,0
957,1
958,0
959,0
960,0
961,0
962,0
963,1
964,0
965,0
966,0
967,0
968,0
969,0
970,1
971,1
972,0
973,1
974,0
975,0
976,1
977,0
978,1
979,1
980,1
981,0
982,0
983,0
984,0
985,0
986,0
987,1
988,0
989,0
990,1
991,0
992,0
993,0
994,0
995,1
996,1
997,1
998,1
999,1
1000,1
1001,1
1002,0
1003,0
1004,0
1005,1
1006,1
1007,0
1008,0
1009,0
1010,0
1011,1
1012,0
1013,0
1014,0
1015,1
1016,1
1017,1
1018,1
1019,1
1020,0
1021,1
1022,0
1023,1
1024,0
1025,1
1026,0
1027,0
1028,0
1029,1
1030,0
1031,0
1032,0
1033,0
1034,1
1035,0
1036,1
1037,1
1038,1
1039,0
1040,0
1041,0
1042,0
1043,1
1044,0
1045,0
1046,0
1047,0
1048,1
1049,0
1050,0
1051,1
1052,1
1053,0
1054,0
1055,0
1056,0
1057,0
1058,0
1059,0
1060,0
1061,0
1062,0
1063,0
1064,0
1065,1
1066,0
1067,0
1068,0
1069,0
1070,0
1071,1
1072,1
1073,1
1074,0
1075,0
1076,1
1077,1
1078,0
1079,0
1080,0
1081,0
1082,1
1083,0
1084,0
1085,1
1086,1
1087,0
1088,1
1089,1
1090,1
1091,0
1092,0
1093,0
1094,0
1095,1
1096,1
1097,0
1098,0
1099,0
1100,1
1101,0
1102,1
1103,0
1104,0
1105,0
1106,0
1107,1
1108,0
1109,0
1110,0
1111,0
1112,0
1113,0
1114,0
1115,0
1116,0
1117,1
1118,1
1119,0
1120,1
1121,0
1122,0
1123,0
1124,0
1125,1
1126,0
1127,0
1128,0
1129,0
1130,0
1131,0
1132,0
1133,0
1134,0
1135,1
1136,0
1137,0
1138,0
1139,0
1140,1
1141,0
1142,0
1143,0
1144,1
1145,0
1146,0
1147,0
1148,1
1149,1
1150,1
1151,0
1152,0
1153,1
1154,1
1155,0
1156,0
1157,0
1158,0
1159,0
1160,0
1161,0
1162,0
1163,0
1164,0
1165,0
1166,0
1167,0
1168,0
1169,0
1170,1
1171,1
1172,0
1173,1
1174,0
1175,0
1176,0
1177,0
1178,0
1179,0
1180,1
1181,1
1182,1
1183,0
1184,1
1185,1
1186,1
1187,0
1188,1
1189,1
1190,0
1191,0
1192,0
1193,0
1194,1
1195,0
1196,0
1197,0
1198,0
1199,0
1200,0
1201,0
1202,0
1203,0
1204,0
1205,0
1206,0
1207,0
1208,0
1209,0
1210,1
1211,1
1212,0
1213,1
1214,0
1215,0
1216,1
1217,1
1218,0
1219,0
1220,0
1221,0
1222,1
1223,0
1224,0
1225,1
1226,0
1227,0
1228,0
1229,0
1230,0
1231,1
1232,0
1233,1
1234,1
1235,1
1236,0
1237,1
1238,0
1239,0
1240,1
1241,0
1242,0
1243,0
1244,1
1245,0
1246,1
1247,0
1248,0
1249,1
1250,0
1251,1
1252,1
1253,0
1254,0
1255,0
1256,0
1257,1
1258,1
1259,0
1260,0
1261,0
1262,1
1263,0
1264,1
1265,1
1266,0
1267,1
1268,0
1269,1
1270,1
1271,0
1272,0
1273,1
1274,0
1275,1
1276,0
1277,0
1278,1
1279,0
1280,1
1281,0
1282,0
1283,0
1284,0
1285,0
1286,0
1287,1
1288,1
1289,0
1290,1
1291,1
1292,1
1293,1
1294,0
1295,1
1296,0
1297,0
1298,0
1299,0
1300,0
1301,1
1302,0
1303,0
1304,0
1305,1
1306,1
1307,1
1308,0
1309,0
1310,1
1311,0
1312,1
1313,0
1314,0
1315,0
1316,1
1317,0
1318,0
1319,0
1320,0
1321,0
1322,0
1323,0
1324,0
1325,0
1326,0
1327,1
1328,0
1329,0
1330,0
1331,0
1332,0
1333,0
1334,0
1335,1
1336,0
1337,0
1338,0
1339,0
1340,0
1341,1
1342,1
1343,0
1344,0
1345,0
1346,0
1347,0
1348,0
1349,0
1350,0
1351,0
1352,1
1353,0
1354,0
1355,0
1356,0
1357,0
1358,0
1359,0
1360,0
1361,0
1362,1
1363,0
1364,0
1365,0
1366,0
1367,1
1368,0
1369,0
1370,1
1371,0
1372,0
1373,1
1374,0
1375,1
1376,0
1377,0
1378,0
1379,1
1380,0
1381,0
1382,1
1383,0
1384,0
1385,0
1386,0
1387,1
1388,0
1389,0
1390,0
1391,0
1392,1
1393,0
1394,0
1395,1
1396,0
1397,1
1398,1
1399,0
1400,0
1401,1
1402,1
1403,0
1404,0
1405,1
1406,1
1407,1
1408,1
1409,1
1410,1
1411,0
1412,0
1413,0
1414,0
1415,0
1416,0
1417,0
1418,1
1419,0
1420,0
1421,0
1422,0
1423,0
1424,0
1425,0
1426,1
1427,0
1428,1
1429,1
1430,1
1431,0
1432,0
1433,0
1434,0
1435,0
1436,0
1437,0
1438,0
1439,0
1440,1
1441,1
1442,0
1443,0
1444,1
1445,0
1446,0
1447,0
1448,0
1449,1
1450,0
1451,1
1452,0
1453,1
1454,0
1455,1
1456,0
1457,0
1458,0
1459,0
1460,0
1461,0
1462,0
1463,1
1464,1
1465,0
1466,1
1467,0
1468,1
1469,0
1470,0
1471,0
1472,0
1473,0
1474,0
1475,1
1476,0
1477,1
1478,0
1479,1
1480,0
1481,0
1482,0
1483,0
1484,1
1485,0
1486,0
1487,0
1488,1
1489,0
1490,1
1491,0
1492,0
1493,1
1494,1
1495,1
1496,0
1497,0
1498,0
1499,0
1500,0
1501,0
1502,1
1503,0
1504,0
1505,1
1506,0
1507,0
1508,0
1509,1
1510,0
1511,1
1512,1
1513,0
1514,0
1515,0
1516,1
1517,0
1518,1
1519,0
1520,0
1521,1
1522,0
1523,0
1524,0
1525,1
1526,1
1527,0
1528,0
1529,0
1530,0
1531,0
1532,0
1533,0
1534,0
1535,0
1536,0
1537,1
1538,1
1539,0
1540,0
1541,0
1542,0
1543,0
1544,1
1545,0
1546,0
1547,0
1548,0
1549,0
1550,0
1551,0
1552,1
1553,0
1554,0
1555,0
1556,0
1557,0
1558,0
1559,1
1560,0
1561,1
1562,1
1563,0
1564,0
1565,0
1566,0
1567,0
1568,0
1569,1
1570,0
1571,1
1572,1
1573,0
1574,1
1575,1
1576,0
1577,0
1578,0
1579,0
1580,1
1581,0
1582,1
1583,0
1584,0
1585,1
1586,0
1587,1
1588,0
1589,1
1590,1
1591,0
1592,1
1593,0
1594,0
1595,0
1596,0
1597,0
1598,0
1599,1
1600,1
1601,0
1602,0
1603,1
1604,0
1605,0
1606,1
1607,0
1608,1
1609,1
1610,1
1611,0
1612,0
1613,0
1614,0
1615,1
1616,0
1617,1
1618,0
1619,0
1620,0
1621,0
1622,0
1623,0
1624,0
1625,1
1626,0
1627,0
1628,1
1629,1
1630,1
1631,1
1632,0
1633,0
1634,1
1635,1
1636,0
1637,0
1638,0
1639,0
1640,0
1641,1
1642,0
1643,1
1644,0
1645,0
1646,0
1647,0
1648,0
1649,0
1650,0
1651,0
1652,0
1653,0
1654,0
1655,1
1656,1
1657,0
1658,0
1659,0
1660,1
1661,0
1662,1
1663,0
1664,1
1665,0
1666,0
1667,0
1668,0
1669,0
1670,1
1671,1
1672,1
1673,0
1674,0
1675,0
1676,0
1677,0
1678,0
1679,0
1680,0
1681,0
1682,1
1683,0
1684,1
1685,0
1686,1
1687,0
1688,1
1689,0
1690,0
1691,0
1692,1
1693,0
1694,0
1695,1
1696,0
1697,0
1698,0
1699,0
1700,0
1701,0
1702,0
1703,0
1704,1
1705,0
1706,0
1707,0
1708,0
1709,0
1710,0
1711,0
1712,0
1713,1
1714,0
1715,0
1716,1
1717,0
1718,0
1719,0
1720,0
1721,1
1722,1
1723,1
1724,1
1725,0
1726,0
1727,1
1728,0
1729,0
1730,0
1731,0
1732,1
1733,0
1734,0
1735,1
1736,0
1737,0
1738,0
1739,0
1740,1
1741,0
1742,1
1743,1
1744,0
1745,0
1746,0
1747,0
1748,0
1749,0
1750,0
1751,0
1752,0
1753,0
1754,0
1755,0
1756,1
1757,1
1758,0
1759,0
1760,0
1761,0
1762,1
1763,0
1764,0
1765,1
1766,0
1767,0
1768,0
1769,0
1770,0
1771,0
1772,0
1773,0
1774,0
1775,0
1776,0
1777,0
1778,0
1779,0
1780,0
1781,0
1782,0
1783,0
1784,0
1785,0
1786,0
1787,1
1788,0
1789,1
1790,0
1791,0
1792,1
1793,0
1794,1
1795,0
1796,1
1797,0
1798,1
1799,0
1800,0
1801,0
1802,0
1803,0
1804,0
1805,1
1806,0
1807,1
1808,0
1809,0
1810,0
1811,1
1812,0
1813,0
1814,1
1815,0
1816,0
1817,0
1818,0
1819,0
1820,0
1821,0
1822,0
1823,0
1824,0
1825,1
1826,1
1827,1
1828,0
1829,0
1830,1
1831,0
1832,0
1833,0
1834,0
1835,1
1836,1
1837,0
1838,0
1839,0
1840,1
1841,0
1842,0
1843,0
1844,0
1845,0
1846,0
1847,0
1848,0
1849,0
1850,1
1851,0
1852,0
1853,0
1854,0
1855,0
1856,0
1857,0
1858,0
1859,0
1860,0
1861,0
1862,0
1863,0
1864,0
1865,1
1866,1
1867,0
1868,0
1869,0
1870,0
1871,1
1872,1
1873,0
1874,0
1875,0
1876,1
1877,1
1878,1
1879,0
1880,1
1881,0
1882,0
1883,1
1884,1
1885,1
1886,1
1887,1
1888,0
1889,0
1890,0
1891,1
1892,0
1893,0
1894,0
1895,0
1896,0
1897,0
1898,0
1899,1
1900,0
1901,0
1902,0
1903,0
1904,1
1905,1
1906,0
1907,0
1908,0
1909,0
1910,0
1911,0
1912,0
1913,0
1914,1
1915,0
1916,0
1917,1
1918,1
1919,1
1920,0
1921,0
1922,1
1923,1
1924,1
1925,0
1926,0
1927,0
1928,0
1929,0
1930,0
1931,1
1932,1
1933,1
1934,0
1935,0
1936,0
1937,0
1938,1
1939,1
1940,0
1941,1
1942,0
1943,0
1944,0
1945,0
1946,0
1947,0
1948,0
1949,1
1950,1
1951,1
1952,0
1953,0
1954,0
1955,0
1956,0
1957,1
1958,0
1959,0
1960,0
1961,1
1962,0
1963,0
1964,0
1965,1
1966,1
1967,0
1968,1
1969,0
1970,0
1971,1
1972,0
1973,0
1974,1
1975,1
1976,1
1977,0
1978,0
1979,1
1980,0
1981,0
1982,0
1983,0
1984,0
1985,0
1986,0
1987,1
1988,0
1989,0
1990,0
1991,0
1992,0
1993,1
1994,1
1995,0
1996,1
1997,0
1998,0
1999,0
2000,0
2001,0
2002,0
2003,0
2004,1
2005,0
2006,0
2007,1
2008,0
2009,0
2010,0
2011,1
2012,0
2013,1
2014,0
2015,1
2016,1
2017,1
2018,0
2019,0
2020,0
2021,1
2022,0
2023,0
2024,0
2025,1
2026,1
2027,0
2028,0
2029,0
2030,0
2031,0
2032,1
2033,1
2034,0
2035,0
2036,0
2037,1
2038,0
2039,0
2040,0
2041,0
2042,1
2043,0
2044,1
2045,0
2046,0
2047,0
2048,0
2049,0
2050,0
2051,1
2052,0
2053,0
2054,0
2055,0
2056,0
2057,0
2058,0
2059,0
2060,1
2061,0
2062,0
2063,0
2064,1
2065,1
2066,0
2067,0
2068,1
2069,1
2070,0
2071,1
2072,0
2073,1
2074,1
2075,0
2076,0
2077,0
2078,1
2079,0
2080,0
2081,1
2082,0
2083,0
2084,1
2085,0
2086,1
2087,1
2088,0
2089,1
2090,0
2091,0
2092,0
2093,0
2094,1
2095,0
2096,0
2097,0
2098,1
2099,0
2100,0
2101,1
2102,0
2103,0
2104,0
2105,1
2106,0
2107,0
2108,0
2109,0
2110,1
2111,0
2112,1
2113,0
2114,1
2115,0
2116,0
2117,0
2118,0
2119,0
2120,1
2121,0
2122,0
2123,0
2124,0
2125,0
2126,0
2127,0
2128,0
2129,0
2130,0
2131,0
2132,0
2133,1
2134,0
2135,0
2136,0
2137,1
2138,0
2139,0
2140,0
2141,0
2142,0
2143,1
2144,0
2145,0
2146,0
2147,0
2148,0
2149,1
2150,0
2151,0
2152,1
2153,1
2154,0
2155,0
2156,0
2157,0
2158,0
2159,1
2160,0
2161,0
2162,0
2163,0
2164,0
2165,1
2166,1
2167,0
2168,1
2169,1
2170,0
2171,0
2172,0
2173,0
2174,0
2175,0
2176,0
2177,1
2178,1
2179,0
2180,0
2181,0
2182,0
2183,0
2184,0
2185,1
2186,1
2187,1
2188,0
2189,1
2190,0
2191,0
2192,0
2193,0
2194,0
2195,0
2196,0
2197,0
2198,0
2199,0
2200,1
2201,0
2202,1
2203,0
2204,0
2205,1
2206,0
2207,1
2208,1
2209,1
2210,0
2211,1
2212,1
2213,1
2214,1
2215,0
2216,0
2217,0
2218,0
2219,0
2220,1
2221,0
2222,0
2223,1
2224,0
2225,1
2226,0
2227,0
2228,0
2229,1
2230,0
2231,0
2232,0
2233,0
2234,0
2235,0
2236,0
2237,1
2238,0
2239,0
2240,0
2241,0
2242,0
2243,0
2244,0
2245,0
2246,0
2247,0
2248,0
2249,1
2250,1
2251,1
2252,0
2253,0
2254,0
2255,0
2256,0
2257,0
2258,0
2259,0
2260,1
2261,1
2262,0
2263,0
2264,0
2265,0
2266,0
2267,1
2268,1
2269,0
2270,1
2271,0
2272,1
2273,1
2274,0
2275,0
2276,0
2277,0
2278,1
2279,1
2280,0
2281,0
2282,0
2283,1
2284,0
2285,0
2286,0
2287,1
2288,1
2289,1
2290,1
2291,0
2292,0
2293,0
2294,0
2295,0
2296,1
2297,0
2298,0
2299,1
2300,0
2301,0
2302,0
2303,0
2304,0
2305,1
2306,0
2307,0
2308,0
2309,1
2310,1
2311,0
2312,0
2313,0
2314,1
2315,0
2316,0
2317,0
2318,0
2319,1
2320,1
2321,0
2322,0
2323,1
2324,0
2325,0
2326,1
2327,1
2328,0
2329,0
2330,1
2331,0
2332,0
2333,1
2334,0
2335,0
2336,0
2337,0
2338,0
2339,0
2340,0
2341,0
2342,0
2343,0
2344,0
2345,0
2346,0
2347,0
2348,0
2349,0
2350,0
2351,1
2352,0
2353,0
2354,0
2355,0
2356,0
2357,0
2358,0
2359,0
2360,0
2361,0
2362,0
2363,0
2364,0
2365,0
2366,0
2367,0
2368,0
2369,1
2370,1
2371,0
2372,1
2373,1
2374,0
2375,0
2376,0
2377,0
2378,0
2379,1
2380,0
2381,1
2382,1
2383,1
2384,1
2385,0
2386,0
2387,0
2388,0
2389,0
2390,0
2391,0
2392,0
2393,0
2394,0
2395,0
2396,0
2397,0
2398,0
2399,0
2400,0
2401,0
2402,0
2403,0
2404,1
2405,0
2406,0
2407,1
2408,1
2409,0
2410,0
2411,0
2412,0
2413,0
2414,0
2415,0
2416,0
2417,0
2418,0
2419,0
2420,1
2421,0
2422,0
2423,1
2424,0
2425,0
2426,0
2427,0
2428,0
2429,0
2430,0
2431,1
2432,0
2433,1
2434,1
2435,1
2436,1
2437,1
2438,0
2439,0
2440,0
2441,0
2442,1
2443,0
2444,0
2445,1
2446,0
2447,0
2448,1
2449,0
2450,0
2451,0
2452,1
2453,0
2454,0
2455,0
2456,0
2457,1
2458,1
2459,0
2460,0
2461,0
2462,1
2463,1
2464,0
2465,0
2466,0
2467,0
2468,0
2469,1
2470,1
2471,1
2472,1
2473,1
2474,0
2475,0
2476,0
2477,0
2478,0
2479,1
2480,1
2481,0
2482,0
2483,0
2484,1
2485,1
2486,0
2487,1
2488,0
2489,0
2490,0
2491,0
2492,0
2493,0
2494,0
2495,0
2496,1
2497,1
2498,0
2499,0
2500,0
2501,0
2502,0
2503,0
2504,0
2505,0
2506,0
2507,0
2508,0
2509,1
2510,0
2511,0
2512,1
2513,1
2514,0
2515,0
2516,0
2517,0
2518,0
2519,0
2520,1
2521,0
2522,1
2523,0
2524,1
2525,0
2526,1
2527,0
2528,0
2529,0
2530,0
2531,0
2532,0
2533,0
2534,1
2535,0
2536,0
2537,0
2538,1
2539,0
2540,0
2541,1
2542,0
2543,1
2544,0
2545,0
2546,0
2547,1
2548,0
2549,1
2550,0
2551,1
2552,0
2553,1
2554,0
2555,0
2556,1
2557,1
2558,0
2559,0
2560,0
2561,0
2562,1
2563,1
2564,1
2565,0
2566,0
2567,0
2568,0
2569,1
2570,0
2571,0
2572,0
2573,0
2574,0
2575,1
2576,0
2577,1
2578,1
2579,1
2580,0
2581,0
2582,1
2583,1
2584,0
2585,1
2586,0
2587,0
2588,0
2589,1
2590,0
2591,0
2592,1
2593,0
2594,0
2595,0
2596,0
2597,0
2598,0
2599,1
2600,0
2601,0
2602,0
2603,0
2604,1
2605,0
2606,1
2607,0
2608,0
2609,1
2610,0
2611,0
2612,0
2613,1
2614,0
2615,1
2616,0
2617,1
2618,0
2619,0
2620,0
2621,0
2622,0
2623,1
2624,0
2625,0
2626,0
2627,0
2628,0
2629,0
2630,0
2631,0
2632,1
2633,0
2634,0
2635,0
2636,0
2637,0
2638,0
2639,0
2640,0
2641,0
2642,0
2643,1
2644,1
2645,0
2646,0
2647,1
2648,0
2649,0
2650,0
2651,0
2652,1
2653,1
2654,1
2655,1
2656,0
2657,0
2658,0
2659,0
2660,0
2661,0
2662,0
2663,1
2664,1
2665,0
2666,0
2667,1
2668,0
2669,1
2670,0
2671,0
2672,1
2673,0
2674,1
2675,0
2676,0
2677,0
2678,1
2679,0
2680,1
2681,0
2682,0
2683,0
2684,0
2685,0
2686,1
2687,0
2688,0
2689,0
2690,1
2691,0
2692,1
2693,1
2694,0
2695,0
2696,0
2697,1
2698,0
2699,1
2700,1
2701,0
2702,0
2703,0
2704,0
2705,0
2706,0
2707,0
2708,0
2709,0
2710,0
2711,0
2712,1
2713,0
2714,0
2715,0
2716,0
2717,1
2718,0
2719,0
2720,0
2721,0
2722,0
2723,0
2724,0
2725,1
2726,0
2727,0
2728,0
2729,0
2730,0
2731,0
2732,0
2733,0
2734,0
2735,0
2736,1
2737,0
2738,0
2739,0
2740,1
2741,0
2742,0
2743,1
2744,0
2745,0
2746,0
2747,0
2748,0
2749,0
2750,0
2751,0
2752,1
2753,0
2754,1
2755,0
2756,0
2757,0
2758,0
2759,0
2760,0
2761,0
2762,1
2763,0
2764,0
2765,0
2766,0
2767,1
2768,0
2769,0
2770,0
2771,0
2772,0
2773,0
2774,0
2775,1
2776,0
2777,0
2778,0
2779,1
2780,0
2781,1
2782,0
2783,0
2784,0
2785,1
2786,1
2787,1
2788,0
2789,0
2790,0
2791,0
2792,1
2793,0
2794,0
2795,0
2796,1
2797,0
2798,0
2799,1
2800,1
2801,0
2802,0
2803,1
2804,0
2805,0
2806,1
2807,0
2808,0
2809,0
2810,1
2811,0
2812,1
2813,0
2814,0
2815,0
2816,0
2817,0
2818,0
2819,0
2820,0
2821,1
2822,0
2823,0
2824,0
2825,0
2826,0
2827,0
2828,0
2829,1
2830,1
2831,0
2832,0
2833,0
2834,1
2835,0
2836,0
2837,1
2838,1
2839,0
2840,1
2841,0
2842,0
2843,0
2844,0
2845,0
2846,0
2847,0
2848,1
2849,1
2850,0
2851,1
2852,0
2853,0
2854,0
2855,0
2856,0
2857,0
2858,0
2859,0
2860,0
2861,0
2862,0
2863,0
2864,0
2865,0
2866,0
2867,1
2868,0
2869,0
2870,0
2871,0
2872,0
2873,1
2874,0
2875,0
2876,0
2877,0
2878,0
2879,0
2880,0
2881,1
2882,0
2883,0
2884,1
2885,0
2886,0
2887,0
2888,0
2889,0
2890,0
2891,0
2892,0
2893,1
2894,0
2895,0
2896,0
2897,0
2898,0
2899,0
2900,0
2901,0
2902,0
2903,0
2904,0
2905,0
2906,0
2907,1
2908,0
2909,0
2910,0
2911,0
2912,0
2913,0
2914,1
2915,0
2916,0
2917,0
2918,0
2919,0
2920,0
2921,0
2922,0
2923,0
2924,0
2925,0
2926,0
2927,0
2928,0
2929,0
2930,0
2931,0
2932,1
2933,1
2934,1
2935,1
2936,0
2937,0
2938,1
2939,0
2940,1
2941,0
2942,0
2943,0
2944,1
2945,1
2946,0
2947,0
2948,0
2949,0
2950,0
2951,0
2952,0
2953,0
2954,0
2955,0
2956,0
2957,0
2958,0
2959,0
2960,0
2961,0
2962,0
2963,0
2964,1
2965,0
2966,0
2967,0
2968,0
2969,1
2970,1
2971,0
2972,0
2973,0
2974,1
2975,0
2976,1
2977,0
2978,1
2979,0
2980,0
2981,1
2982,1
2983,1
2984,0
2985,1
2986,0
2987,0
2988,0
2989,0
2990,1
2991,0
2992,0
2993,0
2994,0
2995,1
2996,1
2997,0
2998,0
2999,0
3000,0
3001,0
3002,0
3003,1
3004,0
3005,1
3006,0
3007,1
3008,0
3009,0
3010,0
3011,1
3012,1
3013,0
3014,0
3015,0
3016,0
3017,0
3018,1
3019,1
3020,0
3021,0
3022,0
3023,0
3024,1
3025,0
3026,0
3027,0
3028,0
3029,1
3030,0
3031,0
3032,1
3033,0
3034,1
3035,1
3036,0
3037,0
3038,0
3039,1
3040,0
3041,0
3042,0
3043,0
3044,1
3045,0
3046,0
3047,0
3048,0
3049,1
3050,0
3051,0
3052,0
3053,1
3054,1
3055,1
3056,0
3057,0
3058,0
3059,1
3060,0
3061,0
3062,1
3063,0
3064,0
3065,0
3066,1
3067,0
3068,1
3069,0
3070,1
3071,1
3072,0
3073,0
3074,0
3075,0
3076,0
3077,0
3078,1
3079,0
3080,1
3081,0
3082,1
3083,0
3084,0
3085,0
3086,0
3087,0
3088,1
3089,0
3090,1
3091,0
3092,1
3093,1
3094,0
3095,0
3096,0
3097,0
3098,0
3099,1
3100,1
3101,0
3102,0
3103,0
3104,0
3105,1
3106,0
3107,0
3108,0
3109,0
3110,0
3111,0
3112,0
3113,0
3114,0
3115,1
3116,1
3117,1
3118,1
3119,0
3120,0
3121,0
3122,1
3123,0
3124,1
3125,1
3126,1
3127,0
3128,0
3129,1
3130,0
3131,0
3132,0
3133,0
3134,0
3135,0
3136,1
3137,1
3138,0
3139,0
3140,0
3141,0
3142,0
3143,0
3144,0
3145,1
3146,0
3147,0
3148,0
3149,0
3150,0
3151,0
3152,0
3153,0
3154,1
3155,0
3156,1
3157,0
3158,0
3159,0
3160,1
3161,0
3162,0
3163,0
3164,0
3165,0
3166,1
3167,1
3168,1
3169,1
3170,0
3171,1
3172,0
3173,0
3174,0
3175,0
3176,0
3177,0
3178,0
3179,0
3180,0
3181,0
3182,0
3183,0
3184,0
3185,1
3186,0
3187,0
3188,0
3189,0
3190,1
3191,0
3192,0
3193,1
3194,0
3195,0
3196,1
3197,0
3198,0
3199,1
3200,1
3201,0
3202,1
3203,1
3204,0
3205,0
3206,1
3207,0
3208,0
3209,1
3210,0
3211,0
3212,0
3213,1
3214,0
3215,0
3216,1
3217,0
3218,0
3219,0
3220,0
3221,0
3222,0
3223,1
3224,0
3225,0
3226,1
3227,1
3228,0
3229,0
3230,0
3231,0
3232,0
3233,0
3234,1
3235,0
3236,0
3237,0
3238,0
3239,0
3240,0
3241,0
3242,0
3243,0
3244,0
3245,0
3246,1
3247,0
3248,0
3249,0
3250,0
3251,1
3252,0
3253,0
3254,0
3255,0
3256,1
3257,1
3258,0
3259,0
3260,0
3261,0
3262,0
3263,0
3264,0
3265,0
3266,0
3267,1
3268,1
3269,0
3270,0
3271,0
3272,0
3273,0
3274,0
3275,0
3276,1
3277,0
3278,1
3279,0
3280,1
3281,0
3282,0
3283,1
3284,1
3285,1
3286,1
3287,1
3288,0
3289,0
3290,0
3291,0
3292,0
3293,0
3294,0
3295,1
3296,0
3297,0
3298,1
3299,0
3300,0
3301,0
3302,1
3303,0
3304,0
3305,0
3306,0
3307,0
3308,0
3309,0
3310,0
3311,0
3312,0
3313,0
3314,0
3315,0
3316,0
3317,0
3318,0
3319,0
3320,0
3321,0
3322,0
3323,1
3324,0
3325,0
3326,0
3327,1
3328,0
3329,0
3330,0
3331,0
3332,0
3333,0
3334,1
3335,0
3336,0
3337,0
3338,0
3339,0
3340,0
3341,1
3342,1
3343,0
3344,0
3345,1
3346,0
3347,0
3348,0
3349,1
3350,0
3351,0
3352,0
3353,0
3354,0
3355,0
3356,0
3357,1
3358,0
3359,0
3360,0
3361,1
3362,0
3363,1
3364,0
3365,1
3366,1
3367,0
3368,0
3369,0
3370,1
3371,0
3372,0
3373,0
3374,0
3375,0
3376,0
3377,1
3378,0
3379,0
3380,0
3381,0
3382,1
3383,0
3384,1
3385,0
3386,1
3387,0
3388,0
3389,0
3390,0
3391,1
3392,0
3393,0
3394,0
3395,0
3396,0
3397,0
3398,0
3399,0
3400,0
3401,0
3402,0
3403,0
3404,0
3405,0
3406,0
3407,1
3408,1
3409,0
3410,0
3411,1
3412,0
3413,1
3414,0
3415,0
3416,0
3417,0
3418,1
3419,0
3420,1
3421,0
3422,0
3423,0
3424,1
3425,0
3426,0
3427,0
3428,0
3429,0
3430,0
3431,0
3432,0
3433,0
3434,0
3435,1
3436,0
3437,0
3438,1
3439,0
3440,0
3441,0
3442,0
3443,0
3444,0
3445,0
3446,0
3447,0
3448,1
3449,1
3450,0
3451,0
3452,0
3453,0
3454,0
3455,1
3456,0
3457,1
3458,0
3459,0
3460,0
3461,0
3462,0
3463,1
3464,0
3465,0
3466,1
3467,1
3468,1
3469,0
3470,0
3471,0
3472,0
3473,0
3474,0
3475,0
3476,0
3477,1
3478,1
3479,1
3480,0
3481,0
3482,0
3483,0
3484,1
3485,1
3486,0
3487,0
3488,1
3489,1
3490,0
3491,0
3492,1
3493,0
3494,1
3495,0
3496,0
3497,1
3498,1
3499,1
3500,0
3501,1
3502,0
3503,0
3504,1
3505,0
3506,1
3507,0
3508,1
3509,0
3510,0
3511,1
3512,0
3513,0
3514,0
3515,0
3516,1
3517,0
3518,0
3519,0
3520,0
3521,0
3522,0
3523,1
3524,1
3525,0
3526,0
3527,0
3528,1
3529,0
3530,0
3531,0
3532,0
3533,0
3534,0
3535,0
3536,1
3537,0
3538,0
3539,0
3540,0
3541,0
3542,0
3543,0
3544,0
3545,1
3546,0
3547,1
3548,0
3549,0
3550,0
3551,0
3552,0
3553,0
3554,1
3555,0
3556,0
3557,0
3558,0
3559,1
3560,0
3561,0
3562,0
3563,0
3564,0
3565,1
3566,0
3567,0
3568,0
3569,1
3570,1
3571,1
3572,0
3573,1
3574,0
3575,0
3576,0
3577,0
3578,0
3579,0
3580,1
3581,1
3582,1
3583,0
3584,0
3585,1
3586,0
3587,1
3588,0
3589,0
3590,0
3591,0
3592,1
3593,0
3594,0
3595,0
3596,0
3597,0
3598,0
3599,0
3600,1
3601,0
3602,0
3603,1
3604,0
3605,0
3606,0
3607,0
3608,0
3609,0
3610,0
3611,1
3612,0
3613,0
3614,0
3615,0
3616,1
3617,0
3618,0
3619,0
3620,0
3621,0
3622,0
3623,0
3624,1
3625,0
3626,0
3627,0
3628,0
3629,0
3630,0
3631,1
3632,0
3633,0
3634,0
3635,0
3636,0
3637,0
3638,0
3639,0
3640,0
3641,0
3642,0
3643,0
3644,1
3645,0
3646,1
3647,0
3648,0
3649,0
3650,0
3651,1
3652,1
3653,0
3654,0
3655,0
3656,0
3657,0
3658,0
3659,1
3660,1
3661,1
3662,0
3663,0
3664,0
3665,0
3666,1
3667,1
3668,0
3669,0
3670,0
3671,0
3672,1
3673,1
3674,0
3675,0
3676,0
3677,0
3678,0
3679,0
3680,1
3681,0
3682,1
3683,0
3684,1
3685,0
3686,1
3687,0
3688,1
3689,0
3690,0
3691,0
3692,1
3693,1
3694,0
3695,1
3696,0
3697,0
3698,0
3699,0
3700,1
3701,1
3702,0
3703,0
3704,0
3705,0
3706,0
3707,0
3708,1
3709,0
3710,0
3711,0
3712,0
3713,1
3714,1
3715,1
3716,0
3717,0
3718,1
3719,0
3720,0
3721,0
3722,1
3723,0
3724,1
3725,1
3726,1
3727,0
3728,0
3729,0
3730,1
3731,0
3732,0
3733,0
3734,1
3735,0
3736,0
3737,0
3738,0
3739,0
3740,0
3741,0
3742,1
3743,0
3744,0
3745,0
3746,0
3747,0
3748,0
3749,0
3750,0
3751,0
3752,1
3753,0
3754,0
3755,0
3756,0
3757,0
3758,0
3759,0
3760,0
3761,0
3762,0
3763,0
3764,0
3765,0
3766,0
3767,0
3768,0
3769,0
3770,0
3771,0
3772,1
3773,0
3774,0
3775,0
3776,0
3777,1
3778,0
3779,0
3780,0
3781,0
3782,0
3783,0
3784,0
3785,1
3786,1
3787,1
3788,0
3789,1
3790,0
3791,1
3792,1
3793,0
3794,0
3795,0
3796,0
3797,0
3798,0
3799,0
3800,0
3801,0
3802,0
3803,0
3804,0
3805,0
3806,0
3807,0
3808,0
3809,1
3810,0
3811,0
3812,1
3813,0
3814,0
3815,1
3816,1
3817,0
3818,1
3819,1
3820,0
3821,0
3822,1
3823,0
3824,0
3825,0
3826,1
3827,0
3828,1
3829,0
3830,0
3831,0
3832,0
3833,0
3834,0
3835,1
3836,0
3837,1
3838,1
3839,0
3840,0
3841,0
3842,1
3843,0
3844,0
3845,0
3846,0
3847,0
3848,0
3849,0
3850,0
3851,0
3852,1
3853,0
3854,1
3855,0
3856,0
3857,0
3858,1
3859,0
3860,1
3861,0
3862,0
3863,1
3864,0
3865,0
3866,1
3867,0
3868,0
3869,0
3870,0
3871,0
3872,1
3873,1
3874,1
3875,1
3876,1
3877,0
3878,1
3879,0
3880,0
3881,0
3882,0
3883,0
3884,0
3885,0
3886,0
3887,0
3888,0
3889,0
3890,0
3891,0
3892,0
3893,0
3894,0
3895,1
3896,0
3897,0
3898,1
3899,0
3900,0
3901,0
3902,0
3903,0
3904,0
3905,0
3906,0
3907,0
3908,1
3909,0
3910,0
3911,0
3912,0
3913,0
3914,0
3915,0
3916,0
3917,0
3918,1
3919,0
3920,0
3921,0
3922,0
3923,0
3924,0
3925,1
3926,1
3927,0
3928,0
3929,0
3930,0
3931,0
3932,0
3933,1
3934,0
3935,1
3936,1
3937,0
3938,0
3939,0
3940,0
3941,0
3942,0
3943,0
3944,0
3945,0
3946,0
3947,0
3948,0
3949,1
3950,0
3951,0
3952,0
3953,0
3954,0
3955,0
3956,0
3957,0
3958,1
3959,0
3960,0
3961,0
3962,1
3963,0
3964,0
3965,0
3966,0
3967,0
3968,0
3969,0
3970,1
3971,0
3972,1
3973,0
3974,1
3975,0
3976,0
3977,0
3978,0
3979,0
3980,1
3981,1
3982,0
3983,0
3984,1
3985,0
3986,0
3987,0
3988,1
3989,0
3990,1
3991,0
3992,1
3993,1
3994,0
3995,0
3996,0
3997,1
3998,0
3999,0
4000,0
4001,0
4002,1
4003,0
4004,0
4005,0
4006,1
4007,0
4008,0
4009,0
4010,0
4011,0
4012,0
4013,1
4014,0
4015,1
4016,1
4017,0
4018,0
4019,0
4020,1
4021,0
4022,1
4023,0
4024,0
4025,0
4026,0
4027,0
4028,0
4029,0
4030,0
4031,0
4032,0
4033,0
4034,0
4035,0
4036,0
4037,1
4038,0
4039,1
4040,1
4041,0
4042,1
4043,0
4044,0
4045,0
4046,0
4047,1
4048,0
4049,0
4050,1
4051,0
4052,0
4053,0
4054,0
4055,0
4056,0
4057,0
4058,0
4059,0
4060,1
4061,1
4062,0
4063,1
4064,0
4065,0
4066,0
4067,0
4068,0
4069,0
4070,0
4071,0
4072,0
4073,0
4074,1
4075,0
4076,1
4077,1
4078,0
4079,0
4080,0
4081,1
4082,1
4083,0
4084,0
4085,0
4086,0
4087,0
4088,0
4089,0
4090,0
4091,0
4092,1
4093,0
4094,0
4095,0
4096,1
4097,1
4098,0
4099,1
4100,0
4101,0
4102,0
4103,1
4104,0
4105,0
4106,1
4107,0
4108,1
4109,1
4110,0
4111,0
4112,1
4113,0
4114,1
4115,0
4116,1
4117,1
4118,0
4119,0
4120,1
4121,1
4122,0
4123,0
4124,0
4125,0
4126,0
4127,1
4128,0
4129,0
4130,0
4131,0
4132,0
4133,0
4134,0
4135,0
4136,0
4137,0
4138,0
4139,0
4140,0
4141,0
4142,0
4143,0
4144,0
4145,0
4146,1
4147,0
4148,1
4149,0
4150,0
4151,0
4152,0
4153,0
4154,1
4155,0
4156,0
4157,1
4158,0
4159,0
4160,0
4161,1
4162,1
4163,1
4164,0
4165,0
4166,0
4167,1
4168,0
4169,1
4170,0
4171,0
4172,0
4173,1
4174,0
4175,0
4176,1
4177,1
4178,0
4179,1
4180,0
4181,1
4182,1
4183,0
4184,0
4185,0
4186,1
4187,0
4188,0
4189,0
4190,0
4191,0
4192,1
4193,1
4194,1
4195,0
4196,1
4197,0
4198,1
4199,1
4200,1
4201,0
4202,0
4203,0
4204,0
4205,0
4206,1
4207,0
4208,1
4209,1
4210,1
4211,0
4212,0
4213,1
4214,0
4215,1
4216,0
4217,0
4218,1
4219,1
4220,0
4221,0
4222,0
4223,1
4224,0
4225,0
4226,0
4227,0
4228,0
4229,0
4230,0
4231,0
4232,0
4233,0
4234,0
4235,0
4236,1
4237,1
4238,1
4239,0
4240,1
4241,0
4242,0
4243,1
4244,1
4245,0
4246,0
4247,1
4248,0
4249,0
4250,0
4251,0
4252,1
4253,1
4254,0
4255,0
4256,0
4257,1
4258,0
4259,1
4260,0
4261,0
4262,0
4263,0
4264,0
4265,0
4266,0
4267,1
4268,1
4269,1
4270,1
4271,1
4272,1
4273,0
4274,0
4275,0
4276,0
4277,0
4278,0
4279,0
4280,0
4281,1
4282,0
4283,1
4284,0
4285,1
4286,1
4287,0
4288,0
4289,1
4290,0
4291,0
4292,0
4293,1
4294,0
4295,1
4296,0
4297,0
4298,0
4299,0
4300,1
4301,0
4302,0
4303,0
4304,0
4305,0
4306,0
4307,1
4308,0
4309,1
4310,0
4311,1
4312,0
4313,1
4314,0
4315,0
4316,0
4317,0
4318,1
4319,1
4320,1
4321,0
4322,0
4323,0
4324,1
4325,0
4326,0
4327,0
4328,0
4329,0
4330,0
4331,0
4332,0
4333,0
4334,1
4335,1
4336,1
4337,0
4338,0
4339,0
4340,0
4341,1
4342,0
4343,0
4344,0
4345,0
4346,0
4347,1
4348,0
4349,0
4350,0
4351,1
4352,0
4353,0
4354,0
4355,1
4356,1
4357,1
4358,0
4359,0
4360,1
4361,0
4362,0
4363,0
4364,0
4365,0
4366,0
4367,0
4368,1
4369,1
4370,1
4371,1
4372,1
4373,0
4374,1
4375,0
4376,0
4377,0
4378,0
4379,1
4380,0
4381,0
4382,0
4383,0
4384,0
4385,0
4386,0
4387,0
4388,1
4389,0
4390,0
4391,0
4392,1
4393,0
4394,0
4395,1
4396,1
4397,0
4398,0
4399,0
4400,0
4401,1
4402,1
4403,0
4404,1
4405,0
4406,0
4407,1
4408,0
4409,0
4410,1
4411,0
4412,1
4413,1
4414,0
4415,0
4416,1
4417,0
4418,0
4419,1
4420,1
4421,0
4422,0
4423,0
4424,1
4425,0
4426,0
4427,1
4428,0
4429,0
4430,0
4431,0
4432,0
4433,0
4434,1
4435,0
4436,0
4437,0
4438,1
4439,0
4440,1
4441,0
4442,0
4443,0
4444,0
4445,0
4446,1
4447,1
4448,0
4449,0
4450,0
4451,0
4452,0
4453,0
4454,0
4455,0
4456,1
4457,1
4458,1
4459,0
4460,0
4461,1
4462,0
4463,1
4464,0
4465,1
4466,0
4467,0
4468,1
4469,1
4470,0
4471,0
4472,1
4473,0
4474,0
4475,0
4476,0
4477,0
4478,0
4479,0
4480,0
4481,0
4482,1
4483,0
4484,0
4485,1
4486,0
4487,0
4488,1
4489,0
4490,0
4491,0
4492,0
4493,0
4494,1
4495,0
4496,0
4497,1
4498,0
4499,0
4500,0
4501,1
4502,1
4503,1
4504,0
4505,1
4506,1
4507,0
4508,1
4509,0
4510,0
4511,0
4512,1
4513,0
4514,1
4515,0
4516,0
4517,0
4518,0
4519,0
4520,0
4521,0
4522,0
4523,0
4524,1
4525,0
4526,0
4527,0
4528,0
4529,0
4530,0
4531,1
4532,1
4533,0
4534,1
4535,0
4536,0
4537,1
4538,0
4539,1
4540,0
4541,0
4542,0
4543,0
4544,0
4545,1
4546,0
4547,0
4548,0
4549,1
4550,1
4551,0
4552,0
4553,1
4554,1
4555,0
4556,1
4557,0
4558,0
4559,0
4560,0
4561,0
4562,0
4563,0
4564,0
4565,0
4566,0
4567,0
4568,0
4569,0
4570,0
4571,1
4572,0
4573,0
4574,0
4575,0
4576,0
4577,0
4578,0
4579,0
4580,1
4581,1
4582,0
4583,0
4584,0
4585,1
4586,0
4587,0
4588,1
4589,0
4590,0
4591,0
4592,0
4593,0
4594,1
4595,1
4596,1
4597,1
4598,0
4599,0
4600,0
4601,0
4602,0
4603,0
4604,0
4605,0
4606,0
4607,0
4608,1
4609,0
4610,0
4611,0
4612,0
4613,1
4614,1
4615,1
4616,0
4617,0
4618,0
4619,0
4620,0
4621,0
4622,0
4623,0
4624,1
4625,1
4626,0
4627,0
4628,0
4629,1
4630,0
4631,0
4632,0
4633,1
4634,0
4635,0
4636,1
4637,0
4638,0
4639,0
4640,0
4641,0
4642,0
4643,0
4644,0
4645,0
4646,1
4647,0
4648,0
4649,0
4650,0
4651,1
4652,1
4653,1
4654,0
4655,0
4656,0
4657,1
4658,0
4659,1
4660,1
4661,0
4662,1
4663,0
4664,1
4665,0
4666,0
4667,0
4668,0
4669,1
4670,0
4671,1
4672,0
4673,1
4674,0
4675,0
4676,0
4677,0
4678,0
4679,0
4680,0
4681,1
4682,0
4683,1
4684,0
4685,1
4686,0
4687,0
4688,0
4689,1
4690,0
4691,1
4692,0
4693,0
4694,0
4695,1
4696,1
4697,0
4698,0
4699,0
4700,1
4701,1
4702,0
4703,1
4704,1
4705,1
4706,1
4707,0
4708,1
4709,0
4710,0
4711,0
4712,0
4713,0
4714,1
4715,0
4716,0
4717,1
4718,0
4719,1
4720,0
4721,0
4722,0
4723,0
4724,0
4725,1
4726,0
4727,1
4728,0
4729,0
4730,0
4731,1
4732,0
4733,0
4734,0
4735,0
4736,0
4737,0
4738,0
4739,1
4740,0
4741,0
4742,1
4743,0
4744,0
4745,1
4746,0
4747,0
4748,0
4749,1
4750,0
4751,0
4752,0
4753,0
4754,0
4755,0
4756,0
4757,0
4758,0
4759,1
4760,0
4761,0
4762,0
4763,0
4764,0
4765,0
4766,1
4767,0
4768,1
4769,0
4770,0
4771,0
4772,1
4773,0
4774,0
4775,0
4776,1
4777,0
4778,1
4779,1
4780,0
4781,0
4782,0
4783,0
4784,0
4785,0
4786,1
4787,0
4788,0
4789,0
4790,1
4791,0
4792,0
4793,1
4794,1
4795,1
4796,0
4797,1
4798,0
4799,0
4800,0
4801,1
4802,0
4803,0
4804,0
4805,0
4806,0
4807,0
4808,1
4809,0
4810,1
4811,0
4812,0
4813,0
4814,0
4815,1
4816,1
4817,1
4818,0
4819,0
4820,0
4821,0
4822,0
4823,1
4824,0
4825,0
4826,0
4827,1
4828,0
4829,0
4830,0
4831,0
4832,1
4833,1
4834,0
4835,0
4836,1
4837,0
4838,0
4839,0
4840,0
4841,0
4842,0
4843,0
4844,0
4845,0
4846,0
4847,0
4848,0
4849,0
4850,0
4851,0
4852,0
4853,1
4854,0
4855,0
4856,0
4857,0
4858,0
4859,0
4860,0
4861,0
4862,0
4863,0
4864,0
4865,0
4866,0
4867,0
4868,1
4869,1
4870,0
4871,0
4872,0
4873,1
4874,1
4875,0
4876,0
4877,1
4878,0
4879,0
4880,0
4881,0
4882,0
4883,1
4884,0
4885,0
4886,1
4887,0
4888,1
4889,0
4890,0
4891,0
4892,1
4893,0
4894,0
4895,1
4896,0
4897,0
4898,0
4899,0
4900,1
4901,1
4902,0
4903,0
4904,0
4905,1
4906,0
4907,1
4908,0
4909,1
4910,0
4911,0
4912,0
4913,0
4914,0
4915,0
4916,1
4917,0
4918,0
4919,0
4920,0
4921,0
4922,0
4923,0
4924,0
4925,0
4926,0
4927,1
4928,0
4929,0
4930,1
4931,0
4932,1
4933,1
4934,0
4935,0
4936,1
4937,0
4938,0
4939,0
4940,1
4941,0
4942,0
4943,1
4944,1
4945,0
4946,0
4947,0
4948,1
4949,0
4950,0
4951,0
4952,1
4953,0
4954,0
4955,0
4956,0
4957,1
4958,1
4959,0
4960,0
4961,0
4962,0
4963,0
4964,0
4965,0
4966,0
4967,1
4968,0
4969,0
4970,0
4971,0
4972,0
4973,0
4974,1
4975,0
4976,0
4977,1
4978,0
4979,0
4980,0
4981,1
4982,0
4983,1
4984,1
4985,0
4986,0
4987,0
4988,1
4989,0
4990,0
4991,0
4992,1
4993,0
4994,0
4995,1
4996,0
4997,0
4998,1
4999,0
5000,0
5001,0
5002,0
5003,1
5004,1
5005,0
5006,0
5007,0
5008,0
5009,0
5010,0
5011,1
5012,0
5013,1
5014,0
5015,0
5016,0
5017,1
5018,1
5019,0
5020,0
5021,1
5022,0
5023,0
5024,0
5025,1
5026,1
5027,1
5028,0
5029,0
5030,0
5031,1
5032,0
5033,0
5034,1
5035,1
5036,1
5037,0
5038,0
5039,0
5040,0
5041,0
5042,1
5043,0
5044,0
5045,0
5046,1
5047,0
5048,1
5049,0
5050,1
5051,1
5052,0
5053,0
5054,0
5055,0
5056,0
5057,0
5058,1
5059,1
5060,0
5061,1
5062,0
5063,0
5064,0
5065,0
5066,0
5067,1
5068,1
5069,0
5070,0
5071,0
5072,0
5073,0
5074,0
5075,1
5076,0
5077,0
5078,1
5079,0
5080,1
5081,0
5082,0
5083,1
5084,0
5085,0
5086,0
5087,1
5088,0
5089,0
5090,0
5091,0
5092,1
5093,0
5094,0
5095,0
5096,0
5097,0
5098,0
5099,1
5100,1
5101,1
5102,0
5103,0
5104,0
5105,0
5106,0
5107,0
5108,1
5109,1
5110,0
5111,0
5112,1
5113,1
5114,1
5115,1
5116,1
5117,0
5118,0
5119,0
5120,0
5121,0
5122,0
5123,0
5124,1
5125,0
5126,0
5127,1
5128,1
5129,0
5130,0
5131,0
5132,0
5133,1
5134,1
5135,0
5136,0
5137,0
5138,1
5139,0
5140,0
5141,0
5142,0
5143,0
5144,1
5145,0
5146,0
5147,1
5148,0
5149,1
5150,0
5151,0
5152,0
5153,1
5154,0
5155,0
5156,0
5157,0
5158,0
5159,0
5160,0
5161,0
5162,0
5163,0
5164,0
5165,0
5166,0
5167,0
5168,1
5169,0
5170,0
5171,1
5172,0
5173,0
5174,0
5175,1
5176,0
5177,1
5178,0
5179,0
5180,0
5181,0
5182,0
5183,0
5184,0
5185,1
5186,0
5187,0
5188,1
5189,0
5190,0
5191,1
5192,1
5193,1
5194,0
5195,0
5196,1
5197,0
5198,1
5199,0
5200,1
5201,0
5202,0
5203,0
5204,0
5205,0
5206,0
5207,0
5208,0
5209,1
5210,0
5211,0
5212,0
5213,0
5214,0
5215,0
5216,0
5217,0
5218,0
5219,0
5220,0
5221,1
5222,0
5223,1
5224,1
5225,0
5226,0
5227,0
5228,0
5229,0
5230,1
5231,1
5232,0
5233,0
5234,0
5235,0
5236,0
5237,0
5238,0
5239,0
5240,0
5241,0
5242,0
5243,0
5244,0
5245,0
5246,0
5247,0
5248,0
5249,0
5250,1
5251,1
5252,0
5253,0
5254,0
5255,0
5256,0
5257,0
5258,1
5259,1
5260,0
5261,0
5262,0
5263,1
5264,1
5265,1
5266,0
5267,1
5268,0
5269,0
5270,0
5271,0
5272,0
5273,0
5274,1
5275,1
5276,1
5277,0
5278,1
5279,0
5280,1
5281,1
5282,1
5283,1
5284,0
5285,1
5286,0
5287,1
5288,0
5289,0
5290,0
5291,0
5292,0
5293,0
5294,0
5295,0
5296,0
5297,0
5298,1
5299,1
5300,1
5301,0
5302,1
5303,0
5304,1
5305,0
5306,0
5307,1
5308,1
5309,0
5310,0
5311,0
5312,0
5313,0
5314,0
5315,0
5316,0
5317,0
5318,0
5319,1
5320,0
5321,0
5322,0
5323,0
5324,0
5325,0
5326,0
5327,0
5328,0
5329,1
5330,0
5331,0
5332,0
5333,1
5334,0
5335,1
5336,0
5337,0
5338,0
5339,1
5340,0
5341,0
5342,1
5343,0
5344,0
5345,0
5346,1
5347,0
5348,0
5349,0
5350,1
5351,0
5352,0
5353,1
5354,1
5355,0
5356,1
5357,0
5358,1
5359,0
5360,1
5361,1
5362,0
5363,0
5364,1
5365,0
5366,0
5367,0
5368,0
5369,0
5370,0
5371,1
5372,1
5373,0
5374,0
5375,0
5376,1
5377,0
5378,0
5379,0
5380,0
5381,0
5382,0
5383,0
5384,0
5385,0
5386,0
5387,0
5388,0
5389,0
5390,0
5391,0
5392,1
5393,1
5394,1
5395,1
5396,1
5397,0
5398,0
5399,0
5400,0
5401,0
5402,1
5403,0
5404,0
5405,0
5406,0
5407,0
5408,0
5409,0
5410,0
5411,0
5412,1
5413,0
5414,1
5415,1
5416,0
5417,0
5418,0
5419,0
5420,1
5421,1
5422,1
5423,0
5424,0
5425,1
5426,0
5427,0
5428,1
5429,0
5430,0
5431,0
5432,0
5433,0
5434,0
5435,0
5436,1
5437,0
5438,0
5439,0
5440,0
5441,1
5442,0
5443,1
5444,0
5445,1
5446,0
5447,0
5448,0
5449,0
5450,0
5451,0
5452,0
5453,0
5454,0
5455,0
5456,0
5457,0
5458,0
5459,0
5460,1
5461,1
5462,0
5463,1
5464,1
5465,1
5466,0
5467,0
5468,1
5469,0
5470,1
5471,0
5472,1
5473,0
5474,0
5475,0
5476,0
5477,0
5478,0
5479,1
5480,1
5481,0
5482,0
5483,0
5484,0
5485,0
5486,0
5487,0
5488,0
5489,0
5490,0
5491,1
5492,1
5493,0
5494,0
5495,0
5496,0
5497,1
5498,0
5499,0
5500,0
5501,0
5502,1
5503,0
5504,0
5505,0
5506,0
5507,1
5508,0
5509,0
5510,1
5511,0
5512,1
5513,0
5514,0
5515,1
5516,0
5517,1
5518,0
5519,1
5520,1
5521,1
5522,0
5523,0
5524,1
5525,1
5526,0
5527,1
5528,0
5529,1
5530,0
5531,0
5532,0
5533,1
5534,0
5535,0
5536,0
5537,0
5538,0
5539,0
5540,1
5541,0
5542,0
5543,1
5544,0
5545,0
5546,1
5547,0
5548,0
5549,0
5550,0
5551,0
5552,0
5553,0
5554,1
5555,0
5556,1
5557,0
5558,0
5559,1
5560,0
5561,0
5562,1
5563,1
5564,0
5565,0
5566,1
5567,1
5568,0
5569,0
5570,0
5571,0
5572,0
5573,0
5574,0
5575,0
5576,1
5577,1
5578,0
5579,0
5580,0
5581,0
5582,1
5583,1
5584,0
5585,0
5586,0
5587,0
5588,1
5589,0
5590,0
5591,0
5592,0
5593,0
5594,0
5595,1
5596,0
5597,0
5598,0
5599,0
5600,1
5601,0
5602,0
5603,0
5604,0
5605,0
5606,1
5607,0
5608,0
5609,1
5610,1
5611,0
5612,0
5613,0
5614,0
5615,0
5616,0
5617,0
5618,0
5619,0
5620,0
5621,1
5622,1
5623,0
5624,0
5625,0
5626,0
5627,0
5628,0
5629,1
5630,0
5631,0
5632,0
5633,1
5634,0
5635,0
5636,1
5637,0
5638,0
5639,1
5640,1
5641,1
5642,0
5643,0
5644,0
5645,0
5646,0
5647,0
5648,0
5649,0
5650,0
5651,0
5652,1
5653,0
5654,0
5655,1
5656,0
5657,1
5658,0
5659,1
5660,0
5661,0
5662,0
5663,0
5664,0
5665,0
5666,0
5667,0
5668,0
5669,0
5670,0
5671,0
5672,0
5673,1
5674,1
5675,0
5676,0
5677,1
5678,0
5679,0
5680,1
5681,0
5682,0
5683,0
5684,0
5685,0
5686,0
5687,0
5688,0
5689,0
5690,1
5691,1
5692,0
5693,0
5694,1
5695,0
5696,0
5697,0
5698,0
5699,0
5700,0
5701,1
5702,0
5703,1
5704,1
5705,0
5706,0
5707,0
5708,0
5709,0
5710,1
5711,0
5712,0
5713,0
5714,0
5715,1
5716,0
5717,0
5718,0
5719,0
5720,0
5721,1
5722,0
5723,0
5724,0
5725,0
5726,0
5727,0
5728,0
5729,0
5730,0
5731,0
5732,0
5733,0
5734,0
5735,0
5736,0
5737,0
5738,0
5739,0
5740,0
5741,0
5742,0
5743,0
5744,0
5745,1
5746,0
5747,1
5748,0
5749,1
5750,0
5751,0
5752,0
5753,0
5754,0
5755,0
5756,0
5757,0
5758,1
5759,0
5760,0
5761,1
5762,1
5763,0
5764,0
5765,0
5766,0
5767,0
5768,0
5769,0
5770,0
5771,0
5772,0
5773,0
5774,1
5775,1
5776,0
5777,0
5778,0
5779,1
5780,0
5781,1
5782,0
5783,0
5784,0
5785,0
5786,0
5787,0
5788,0
5789,0
5790,0
5791,0
5792,0
5793,1
5794,1
5795,0
5796,1
5797,0
5798,1
5799,0
5800,0
5801,0
5802,0
5803,1
5804,1
5805,1
5806,0
5807,0
5808,0
5809,0
5810,0
5811,0
5812,0
5813,0
5814,0
5815,0
5816,0
5817,0
5818,0
5819,0
5820,0
5821,0
5822,0
5823,0
5824,0
5825,0
5826,0
5827,0
5828,0
5829,1
5830,0
5831,0
5832,1
5833,0
5834,0
5835,0
5836,0
5837,0
5838,1
5839,0
5840,1
5841,0
5842,0
5843,1
5844,1
5845,1
5846,0
5847,0
5848,0
5849,1
5850,0
5851,0
5852,0
5853,1
5854,0
5855,1
5856,0
5857,1
5858,0
5859,0
5860,0
5861,1
5862,1
5863,1
5864,0
5865,1
5866,1
5867,0
5868,0
5869,1
5870,0
5871,0
5872,0
5873,0
5874,0
5875,0
5876,0
5877,0
5878,1
5879,1
5880,0
5881,0
5882,0
5883,0
5884,0
5885,0
5886,1
5887,0
5888,0
5889,0
5890,1
5891,0
5892,0
5893,1
5894,0
5895,0
5896,1
5897,0
5898,1
5899,0
5900,1
5901,1
5902,0
5903,1
5904,0
5905,0
5906,0
5907,0
5908,1
5909,0
5910,0
5911,1
5912,1
5913,0
5914,0
5915,0
5916,0
5917,0
5918,1
5919,0
5920,0
5921,0
5922,0
5923,0
5924,0
5925,1
5926,0
5927,0
5928,0
5929,0
5930,1
5931,0
5932,0
5933,0
5934,0
5935,0
5936,0
5937,0
5938,0
5939,1
5940,1
5941,0
5942,0
5943,0
5944,1
5945,1
5946,0
5947,1
5948,0
5949,0
5950,1
5951,0
5952,0
5953,1
5954,0
5955,0
5956,0
5957,1
5958,0
5959,1
5960,0
5961,0
5962,1
5963,1
5964,0
5965,0
5966,0
5967,0
5968,1
5969,0
5970,0
5971,1
5972,0
5973,0
5974,0
5975,1
5976,0
5977,0
5978,0
5979,0
5980,1
5981,0
5982,0
5983,0
5984,0
5985,0
5986,1
5987,1
5988,0
5989,1
5990,1
5991,0
5992,1
5993,0
5994,0
5995,0
5996,0
5997,0
5998,0
5999,1
6000,0
6001,1
6002,0
6003,0
6004,0
6005,0
6006,0
6007,0
6008,0
6009,0
6010,0
6011,0
6012,0
6013,0
6014,0
6015,1
6016,0
6017,0
6018,0
6019,0
6020,0
6021,0
6022,1
6023,0
6024,0
6025,0
6026,0
6027,0
6028,0
6029,0
6030,1
6031,0
6032,0
6033,1
6034,1
6035,0
6036,0
6037,0
6038,0
6039,1
6040,0
6041,0
6042,0
6043,0
6044,1
6045,0
6046,0
6047,0
6048,0
6049,0
6050,0
6051,0
6052,0
6053,0
6054,0
6055,1
6056,1
6057,0
6058,0
6059,0
6060,0
6061,1
6062,0
6063,0
6064,0
6065,0
6066,0
6067,1
6068,0
6069,1
6070,0
6071,0
6072,0
6073,1
6074,0
6075,0
6076,0
6077,0
6078,0
6079,0
6080,0
6081,1
6082,0
6083,1
6084,0
6085,0
6086,0
6087,0
6088,1
6089,0
6090,0
6091,1
6092,0
6093,0
6094,0
6095,0
6096,1
6097,0
6098,0
6099,1
6100,0
6101,0
6102,1
6103,0
6104,1
6105,0
6106,1
6107,1
6108,0
6109,0
6110,0
6111,1
6112,0
6113,0
6114,0
6115,0
6116,0
6117,1
6118,0
6119,0
6120,0
6121,0
6122,1
6123,0
6124,0
6125,0
6126,0
6127,1
6128,1
6129,0
6130,0
6131,0
6132,0
6133,1
6134,0
6135,0
6136,1
6137,0
6138,0
6139,0
6140,0
6141,0
6142,0
6143,1
6144,0
6145,0
6146,1
6147,0
6148,0
6149,1
6150,1
6151,1
6152,0
6153,0
6154,0
6155,0
6156,0
6157,0
6158,1
6159,1
6160,0
6161,1
6162,0
6163,0
6164,0
6165,0
6166,0
6167,0
6168,1
6169,1
6170,0
6171,0
6172,0
6173,1
6174,0
6175,0
6176,0
6177,0
6178,0
6179,0
6180,0
6181,0
6182,0
6183,0
6184,0
6185,1
6186,0
6187,0
6188,0
6189,0
6190,0
6191,1
6192,1
6193,0
6194,0
6195,0
6196,1
6197,0
6198,0
6199,1
6200,1
6201,1
6202,0
6203,1
6204,0
6205,1
6206,0
6207,0
6208,1
6209,0
6210,0
6211,0
6212,0
6213,1
6214,0
6215,0
6216,0
6217,0
6218,0
6219,1
6220,1
6221,0
6222,0
6223,0
6224,1
6225,0
6226,0
6227,1
6228,0
6229,0
6230,0
6231,0
6232,1
6233,0
6234,0
6235,0
6236,0
6237,0
6238,0
6239,0
6240,0
6241,0
6242,0
6243,0
6244,0
6245,0
6246,0
6247,1
6248,1
6249,0
6250,0
6251,0
6252,0
6253,0
6254,1
6255,0
6256,0
6257,0
6258,1
6259,1
6260,1
6261,0
6262,1
6263,0
6264,0
6265,1
6266,0
6267,0
6268,1
6269,0
6270,0
6271,0
6272,0
6273,1
6274,1
6275,0
6276,1
6277,0
6278,1
6279,0
6280,0
6281,0
6282,1
6283,0
6284,0
6285,0
6286,0
6287,0
6288,1
6289,1
6290,0
6291,0
6292,0
6293,0
6294,0
6295,1
6296,1
6297,0
6298,0
6299,0
6300,0
6301,0
6302,1
6303,1
6304,0
6305,1
6306,0
6307,0
6308,0
6309,1
6310,0
6311,0
6312,0
6313,1
6314,0
6315,1
6316,1
6317,1
6318,0
6319,1
6320,0
6321,0
6322,0
6323,0
6324,0
6325,1
6326,1
6327,0
6328,0
6329,1
6330,0
6331,0
6332,0
6333,0
6334,0
6335,0
6336,0
6337,0
6338,0
6339,1
6340,1
6341,1
6342,0
6343,0
6344,0
6345,1
6346,0
6347,1
6348,0
6349,0
6350,0
6351,0
6352,0
6353,1
6354,1
6355,1
6356,0
6357,0
6358,1
6359,0
6360,0
6361,0
6362,0
6363,1
6364,1
6365,0
6366,0
6367,0
6368,0
6369,1
6370,0
6371,0
6372,0
6373,1
6374,0
6375,0
6376,0
6377,0
6378,0
6379,0
6380,0
6381,1
6382,0
6383,1
6384,1
6385,0
6386,0
6387,1
6388,1
6389,1
6390,1
6391,0
6392,0
6393,1
6394,1
6395,1
6396,0
6397,1
6398,0
6399,0
6400,0
6401,0
6402,1
6403,0
6404,0
6405,0
6406,0
6407,0
6408,0
6409,0
6410,1
6411,0
6412,1
6413,1
6414,0
6415,1
6416,0
6417,1
6418,0
6419,0
6420,0
6421,0
6422,0
6423,0
6424,1
6425,1
6426,0
6427,0
6428,1
6429,1
6430,0
6431,0
6432,0
6433,0
6434,0
6435,0
6436,0
6437,0
6438,1
6439,1
6440,0
6441,0
6442,1
6443,1
6444,1
6445,0
6446,0
6447,0
6448,1
6449,1
6450,0
6451,0
6452,0
6453,1
6454,0
6455,0
6456,0
6457,0
6458,0
6459,0
6460,0
6461,0
6462,1
6463,0
6464,1
6465,0
6466,0
6467,1
6468,0
6469,1
6470,0
6471,0
6472,0
6473,0
6474,0
6475,0
6476,0
6477,1
6478,1
6479,0
6480,1
6481,1
6482,1
6483,1
6484,0
6485,0
6486,0
6487,0
6488,1
6489,1
6490,0
6491,0
6492,1
6493,0
6494,0
6495,0
6496,0
6497,0
6498,0
6499,0
6500,0
6501,1
6502,0
6503,0
6504,1
6505,1
6506,0
6507,1
6508,0
6509,1
6510,0
6511,0
6512,0
6513,0
6514,0
6515,1
6516,1
6517,1
6518,0
6519,0
6520,1
6521,0
6522,1
6523,0
6524,1
6525,1
6526,0
6527,0
6528,0
6529,0
6530,0
6531,0
6532,0
6533,1
6534,0
6535,0
6536,1
6537,0
6538,0
6539,1
6540,0
6541,1
6542,1
6543,0
6544,0
6545,1
6546,0
6547,0
6548,0
6549,1
6550,0
6551,1
6552,1
6553,0
6554,0
6555,1
6556,0
6557,0
6558,0
6559,1
6560,0
6561,0
6562,1
6563,0
6564,0
6565,0
6566,1
6567,0
6568,0
6569,0
6570,0
6571,0
6572,0
6573,1
6574,0
6575,0
6576,0
6577,1
6578,0
6579,0
6580,0
6581,0
6582,1
6583,1
6584,1
6585,1
6586,0
6587,0
6588,0
6589,0
6590,1
6591,0
6592,0
6593,1
6594,1
6595,0
6596,0
6597,0
6598,0
6599,1
6600,0
6601,0
6602,0
6603,0
6604,1
6605,0
6606,0
6607,0
6608,1
6609,0
6610,1
6611,0
6612,0
6613,1
6614,0
6615,0
6616,0
6617,0
6618,0
6619,0
6620,0
6621,1
6622,0
6623,1
6624,0
6625,0
6626,0
6627,1
6628,1
6629,0
6630,1
6631,0
6632,1
6633,0
6634,1
6635,1
6636,0
6637,0
6638,1
6639,1
6640,0
6641,0
6642,1
6643,0
6644,0
6645,1
6646,0
6647,1
6648,0
6649,0
6650,0
6651,0
6652,0
6653,0
6654,1
6655,0
6656,0
6657,1
6658,0
6659,0
6660,0
6661,1
6662,0
6663,0
6664,0
6665,0
6666,0
6667,0
6668,1
6669,1
6670,0
6671,0
6672,0
6673,1
6674,0
6675,1
6676,1
6677,1
6678,0
6679,1
6680,0
6681,0
6682,1
6683,1
6684,0
6685,1
6686,0
6687,0
6688,0
6689,1
6690,0
6691,1
6692,0
6693,0
6694,1
6695,0
6696,1
6697,1
6698,0
6699,1
6700,0
6701,0
6702,0
6703,1
6704,0
6705,0
6706,1
6707,1
6708,1
6709,0
6710,0
6711,0
6712,0
6713,0
6714,1
6715,1
6716,0
6717,1
6718,0
6719,1
6720,0
6721,0
6722,1
6723,0
6724,0
6725,0
6726,0
6727,1
6728,0
6729,0
6730,0
6731,0
6732,0
6733,1
6734,0
6735,0
6736,0
6737,1
6738,0
6739,0
6740,0
6741,0
6742,1
6743,1
6744,0
6745,1
6746,0
6747,1
6748,1
6749,0
6750,0
6751,0
6752,0
6753,0
6754,1
6755,1
6756,0
6757,0
6758,0
6759,0
6760,1
6761,0
6762,0
6763,1
6764,0
6765,0
6766,0
6767,0
6768,0
6769,1
6770,1
6771,0
6772,0
6773,0
6774,0
6775,1
6776,0
6777,0
6778,1
6779,1
6780,1
6781,0
6782,1
6783,0
6784,0
6785,1
6786,1
6787,0
6788,1
6789,0
6790,0
6791,0
6792,0
6793,0
6794,0
6795,0
6796,0
6797,0
6798,0
6799,0
6800,0
6801,1
6802,0
6803,0
6804,0
6805,1
6806,1
6807,1
6808,0
6809,0
6810,0
6811,0
6812,0
6813,0
6814,0
6815,0
6816,0
6817,0
6818,0
6819,0
6820,1
6821,0
6822,0
6823,0
6824,0
6825,1
6826,0
6827,0
6828,0
6829,0
6830,1
6831,0
6832,1
6833,0
6834,1
6835,0
6836,0
6837,0
6838,0
6839,1
6840,0
6841,0
6842,0
6843,0
6844,0
6845,1
6846,1
6847,1
6848,0
6849,0
6850,0
6851,1
6852,0
6853,0
6854,1
6855,1
6856,0
6857,0
6858,1
6859,1
6860,1
6861,0
6862,0
6863,1
6864,1
6865,1
6866,0
6867,0
6868,0
6869,1
6870,0
6871,0
6872,0
6873,0
6874,0
6875,0
6876,0
6877,0
6878,0
6879,0
6880,0
6881,1
6882,0
6883,1
6884,1
6885,0
6886,1
6887,0
6888,0
6889,0
6890,0
6891,0
6892,0
6893,0
6894,0
6895,0
6896,0
6897,1
6898,0
6899,1
6900,0
6901,0
6902,0
6903,1
6904,1
6905,0
6906,0
6907,0
6908,1
6909,0
6910,0
6911,1
6912,0
6913,1
6914,1
6915,0
6916,1
6917,0
6918,1
6919,0
6920,0
6921,0
6922,0
6923,0
6924,0
6925,0
6926,0
6927,0
6928,0
6929,0
6930,0
6931,0
6932,0
6933,0
6934,0
6935,0
6936,1
6937,0
6938,0
6939,0
6940,0
6941,0
6942,1
6943,0
6944,0
6945,1
6946,0
6947,0
6948,0
6949,1
6950,0
6951,0
6952,1
6953,0
6954,0
6955,0
6956,0
6957,0
6958,0
6959,0
6960,0
6961,1
6962,1
6963,0
6964,0
6965,1
6966,0
6967,0
6968,1
6969,0
6970,0
6971,0
6972,0
6973,0
6974,0
6975,0
6976,0
6977,0
6978,0
6979,0
6980,0
6981,0
6982,0
6983,0
6984,1
6985,0
6986,0
6987,0
6988,0
6989,1
6990,1
6991,0
6992,1
6993,0
6994,0
6995,0
6996,0
6997,1
6998,0
6999,0
7000,1
7001,0
7002,1
7003,0
7004,1
7005,0
7006,1
7007,0
7008,0
7009,0
7010,0
7011,1
7012,0
7013,0
7014,0
7015,0
7016,1
7017,1
7018,1
7019,1
7020,1
7021,0
7022,1
7023,1
7024,0
7025,1
7026,0
7027,0
7028,0
7029,0
7030,0
7031,1
7032,1
7033,0
7034,0
7035,0
7036,0
7037,0
7038,1
7039,0
7040,0
7041,0
7042,0
7043,0
7044,0
7045,1
7046,0
7047,0
7048,0
7049,0
7050,0
7051,0
7052,0
7053,0
7054,0
7055,0
7056,0
7057,0
7058,1
7059,1
7060,0
7061,0
7062,0
7063,0
7064,0
7065,0
7066,0
7067,0
7068,0
7069,0
7070,0
7071,1
7072,0
7073,0
7074,0
7075,0
7076,0
7077,1
7078,1
7079,0
7080,0
7081,0
7082,1
7083,0
7084,0
7085,0
7086,0
7087,0
7088,0
7089,0
7090,0
7091,0
7092,1
7093,0
7094,0
7095,0
7096,0
7097,0
7098,1
7099,0
7100,0
7101,1
7102,0
7103,0
7104,0
7105,1
7106,1
7107,1
7108,1
7109,1
7110,1
7111,0
7112,0
7113,0
7114,0
7115,1
7116,0
7117,0
7118,1
7119,1
7120,0
7121,1
7122,1
7123,0
7124,1
7125,0
7126,0
7127,0
7128,1
7129,1
7130,0
7131,0
7132,0
7133,1
7134,1
7135,0
7136,1
7137,0
7138,0
7139,0
7140,1
7141,0
7142,0
7143,1
7144,1
7145,0
7146,0
7147,0
7148,0
7149,0
7150,0
7151,1
7152,1
7153,0
7154,1
7155,0
7156,0
7157,0
7158,1
7159,0
7160,1
7161,0
7162,1
7163,0
7164,0
7165,1
7166,0
7167,1
7168,0
7169,0
7170,1
7171,0
7172,0
7173,1
7174,0
7175,0
7176,0
7177,1
7178,0
7179,0
7180,1
7181,0
7182,0
7183,0
7184,0
7185,1
7186,1
7187,0
7188,0
7189,0
7190,0
7191,1
7192,0
7193,0
7194,0
7195,0
7196,0
7197,0
7198,0
7199,0
7200,0
7201,0
7202,0
7203,0
7204,0
7205,0
7206,1
7207,0
7208,0
7209,1
7210,0
7211,0
7212,1
7213,0
7214,1
7215,0
7216,0
7217,0
7218,1
7219,0
7220,0
7221,0
7222,0
7223,0
7224,0
7225,1
7226,0
7227,1
7228,1
7229,0
7230,0
7231,1
7232,0
7233,1
7234,0
7235,0
7236,0
7237,0
7238,0
7239,0
7240,1
7241,0
7242,0
7243,0
7244,1
7245,0
7246,1
7247,1
7248,0
7249,0
7250,1
7251,0
7252,0
7253,1
7254,0
7255,0
7256,1
7257,1
7258,0
7259,1
7260,0
7261,0
7262,0
7263,0
7264,0
7265,0
7266,1
7267,1
7268,0
7269,0
7270,1
7271,0
7272,0
7273,1
7274,0
7275,0
7276,0
7277,0
7278,0
7279,0
7280,1
7281,0
7282,1
7283,1
7284,0
7285,0
7286,0
7287,0
7288,0
7289,1
7290,0
7291,1
7292,0
7293,0
7294,1
7295,0
7296,0
7297,0
7298,0
7299,1
7300,0
7301,0
7302,0
7303,0
7304,1
7305,0
7306,0
7307,0
7308,0
7309,0
7310,0
7311,0
7312,1
7313,0
7314,0
7315,0
7316,0
7317,0
7318,0
7319,0
7320,0
7321,0
7322,1
7323,0
7324,1
7325,1
7326,0
7327,1
7328,0
7329,1
7330,1
7331,1
7332,1
7333,0
7334,0
7335,1
7336,0
7337,0
7338,0
7339,0
7340,0
7341,0
7342,0
7343,0
7344,1
7345,1
7346,0
7347,0
7348,0
7349,0
7350,0
7351,0
7352,1
7353,1
7354,1
7355,0
7356,1
7357,0
7358,0
7359,0
7360,0
7361,0
7362,0
7363,0
7364,1
7365,1
7366,0
7367,0
7368,0
7369,0
7370,0
7371,0
7372,0
7373,0
7374,0
7375,0
7376,0
7377,0
7378,1
7379,0
7380,0
7381,0
7382,0
7383,0
7384,0
7385,1
7386,0
7387,0
7388,1
7389,0
7390,0
7391,1
7392,0
7393,0
7394,0
7395,0
7396,0
7397,0
7398,0
7399,1
7400,0
7401,0
7402,0
7403,0
7404,0
7405,0
7406,0
7407,0
7408,1
7409,1
7410,1
7411,0
7412,1
7413,0
7414,1
7415,0
7416,0
7417,0
7418,0
7419,1
7420,1
7421,0
7422,0
7423,0
7424,0
7425,1
7426,0
7427,0
7428,0
7429,0
7430,0
7431,1
7432,0
7433,1
7434,0
7435,1
7436,0
7437,0
7438,0
7439,0
7440,0
7441,1
7442,0
7443,0
7444,0
7445,0
7446,1
7447,0
7448,0
7449,0
7450,0
7451,1
7452,0
7453,0
7454,0
7455,0
7456,0
7457,1
7458,0
7459,0
7460,0
7461,1
7462,0
7463,1
7464,1
7465,0
7466,0
7467,1
7468,0
7469,1
7470,0
7471,0
7472,1
7473,0
7474,1
7475,1
7476,1
7477,0
7478,1
7479,1
7480,0
7481,1
7482,0
7483,0
7484,0
7485,1
7486,0
7487,1
7488,0
7489,0
7490,0
7491,0
7492,1
7493,0
7494,0
7495,0
7496,0
7497,1
7498,0
7499,0
7500,0
7501,0
7502,1
7503,0
7504,0
7505,1
7506,0
7507,0
7508,0
7509,0
7510,0
7511,0
7512,1
7513,0
7514,0
7515,1
7516,0
7517,1
7518,1
7519,1
7520,1
7521,1
7522,0
7523,1
7524,0
7525,0
7526,0
7527,1
7528,1
7529,0
7530,0
7531,1
7532,0
7533,1
7534,1
7535,1
7536,1
7537,0
7538,0
7539,1
7540,0
7541,0
7542,1
7543,0
7544,0
7545,1
7546,1
7547,0
7548,0
7549,0
7550,0
7551,0
7552,0
7553,0
7554,0
7555,0
7556,0
7557,0
7558,1
7559,1
7560,0
7561,0
7562,0
7563,0
7564,1
7565,0
7566,1
7567,0
7568,1
7569,0
7570,0
7571,0
7572,0
7573,0
7574,0
7575,0
7576,0
7577,0
7578,1
7579,0
7580,1
7581,0
7582,0
7583,0
7584,0
7585,0
7586,0
7587,0
7588,0
7589,0
7590,0
7591,0
7592,0
7593,0
7594,0
7595,0
7596,1
7597,0
7598,0
7599,0
7600,0
7601,0
7602,0
7603,1
7604,0
7605,0
7606,0
7607,1
7608,1
7609,1
7610,0
7611,0
7612,0
7613,0
7614,1
7615,0
7616,0
7617,0
7618,1
7619,0
7620,0
7621,0
7622,0
7623,0
7624,0
7625,0
7626,0
7627,0
7628,1
7629,0
7630,0
7631,0
7632,1
7633,0
7634,0
7635,1
7636,1
7637,0
7638,0
7639,1
7640,0
7641,0
7642,0
7643,0
7644,0
7645,0
7646,0
7647,0
7648,0
7649,0
7650,0
7651,0
7652,0
7653,0
7654,1
7655,0
7656,0
7657,0
7658,0
7659,0
7660,1
7661,0
7662,1
7663,0
7664,0
7665,0
7666,0
7667,0
7668,0
7669,1
7670,0
7671,0
7672,0
7673,0
7674,0
7675,0
7676,0
7677,1
7678,1
7679,0
7680,0
7681,0
7682,0
7683,1
7684,0
7685,0
7686,1
7687,0
7688,0
7689,1
7690,0
7691,0
7692,1
7693,0
7694,0
7695,1
7696,0
7697,1
7698,0
7699,0
7700,0
7701,0
7702,0
7703,0
7704,0
7705,1
7706,0
7707,1
7708,1
7709,0
7710,1
7711,0
7712,1
7713,1
7714,0
7715,0
7716,0
7717,0
7718,0
7719,0
7720,0
7721,0
7722,0
7723,0
7724,0
7725,0
7726,1
7727,0
7728,1
7729,0
7730,0
7731,1
7732,0
7733,0
7734,0
7735,1
7736,0
7737,0
7738,1
7739,0
7740,0
7741,0
7742,0
7743,0
7744,0
7745,0
7746,0
7747,0
7748,1
7749,0
7750,1
7751,0
7752,0
7753,0
7754,0
7755,0
7756,1
7757,0
7758,1
7759,0
7760,0
7761,1
7762,0
7763,0
7764,0
7765,0
7766,0
7767,0
7768,0
7769,0
7770,1
7771,0
7772,0
7773,0
7774,0
7775,0
7776,0
7777,1
7778,0
7779,0
7780,0
7781,0
7782,0
7783,1
7784,0
7785,0
7786,1
7787,1
7788,0
7789,0
7790,1
7791,1
7792,0
7793,0
7794,0
7795,0
7796,0
7797,0
7798,0
7799,0
7800,0
7801,0
7802,0
7803,0
7804,1
7805,0
7806,1
7807,0
7808,0
7809,1
7810,0
7811,1
7812,0
7813,1
7814,0
7815,0
7816,0
7817,0
7818,0
7819,0
7820,0
7821,0
7822,1
7823,1
7824,0
7825,1
7826,0
7827,0
7828,0
7829,0
7830,0
7831,0
7832,0
7833,1
7834,1
7835,1
7836,0
7837,1
7838,0
7839,0
7840,0
7841,0
7842,0
7843,0
7844,0
7845,0
7846,0
7847,0
7848,0
7849,0
7850,0
7851,0
7852,1
7853,0
7854,0
7855,1
7856,1
7857,0
7858,1
7859,0
7860,0
7861,0
7862,1
7863,1
7864,0
7865,0
7866,0
7867,0
7868,1
7869,1
7870,1
7871,0
7872,0
7873,0
7874,0
7875,0
7876,1
7877,0
7878,1
7879,0
7880,0
7881,0
7882,1
7883,0
7884,0
7885,0
7886,0
7887,0
7888,0
7889,0
7890,0
7891,1
7892,0
7893,0
7894,1
7895,0
7896,0
7897,0
7898,1
7899,0
7900,1
7901,1
7902,0
7903,0
7904,0
7905,0
7906,0
7907,0
7908,1
7909,0
7910,1
7911,0
7912,0
7913,0
7914,0
7915,0
7916,0
7917,0
7918,0
7919,0
7920,1
7921,0
7922,0
7923,1
7924,1
7925,0
7926,1
7927,0
7928,0
7929,1
7930,0
7931,0
7932,0
7933,1
7934,0
7935,1
7936,0
7937,1
7938,1
7939,0
7940,0
7941,1
7942,1
7943,0
7944,1
7945,1
7946,1
7947,0
7948,0
7949,0
7950,0
7951,0
7952,1
7953,0
7954,0
7955,1
7956,1
7957,0
7958,0
7959,0
7960,0
7961,1
7962,0
7963,0
7964,1
7965,0
7966,1
7967,0
7968,0
7969,1
7970,0
7971,0
7972,0
7973,1
7974,0
7975,0
7976,0
7977,0
7978,1
7979,1
7980,0
7981,0
7982,0
7983,0
7984,0
7985,0
7986,0
7987,0
7988,0
7989,1
7990,1
7991,0
7992,1
7993,1
7994,0
7995,1
7996,0
7997,0
7998,0
7999,0
8000,0
8001,0
8002,0
8003,0
8004,0
8005,0
8006,1
8007,0
8008,0
8009,1
8010,0
8011,0
8012,0
8013,0
8014,1
8015,0
8016,0
8017,0
8018,0
8019,0
8020,0
8021,1
8022,1
8023,1
8024,0
8025,0
8026,0
8027,0
8028,0
8029,0
8030,0
8031,0
8032,0
8033,0
8034,0
8035,1
8036,0
8037,0
8038,1
8039,0
8040,0
8041,1
8042,1
8043,1
8044,0
8045,0
8046,0
8047,0
8048,0
8049,1
8050,0
8051,0
8052,0
8053,0
8054,1
8055,1
8056,0
8057,0
8058,0
8059,0
8060,1
8061,0
8062,0
8063,1
8064,0
8065,0
8066,0
8067,0
8068,0
8069,0
8070,1
8071,0
8072,1
8073,0
8074,0
8075,0
8076,0
8077,0
8078,0
8079,0
8080,0
8081,0
8082,0
8083,0
8084,0
8085,0
8086,0
8087,0
8088,1
8089,0
8090,0
8091,0
8092,0
8093,1
8094,0
8095,0
8096,0
8097,0
8098,0
8099,0
8100,0
8101,1
8102,0
8103,0
8104,0
8105,0
8106,0
8107,0
8108,0
8109,1
8110,0
8111,0
8112,1
8113,0
8114,0
8115,1
8116,1
8117,1
8118,1
8119,0
8120,0
8121,1
8122,1
8123,0
8124,0
8125,0
8126,0
8127,0
8128,0
8129,0
8130,0
8131,1
8132,1
8133,0
8134,0
8135,0
8136,1
8137,1
8138,0
8139,0
8140,1
8141,0
8142,1
8143,0
8144,0
8145,1
8146,1
8147,1
8148,0
8149,0
8150,0
8151,0
8152,0
8153,1
8154,0
8155,1
8156,0
8157,0
8158,0
8159,0
8160,0
8161,1
8162,0
8163,0
8164,0
8165,0
8166,1
8167,0
8168,0
8169,0
8170,1
8171,0
8172,0
8173,1
8174,0
8175,0
8176,0
8177,1
8178,0
8179,1
8180,0
8181,0
8182,0
8183,0
8184,1
8185,0
8186,0
8187,0
8188,0
8189,0
8190,0
8191,0
8192,0
8193,1
8194,1
8195,0
8196,1
8197,1
8198,0
8199,0
8200,1
8201,0
8202,1
8203,0
8204,0
8205,0
8206,1
8207,0
8208,0
8209,0
8210,0
8211,0
8212,1
8213,0
8214,0
8215,0
8216,0
8217,0
8218,0
8219,0
8220,0
8221,0
8222,1
8223,0
8224,0
8225,0
8226,0
8227,1
8228,1
8229,1
8230,0
8231,1
8232,1
8233,0
8234,0
8235,0
8236,0
8237,0
8238,0
8239,1
8240,0
8241,0
8242,0
8243,0
8244,1
8245,0
8246,0
8247,1
8248,1
8249,1
8250,0
8251,0
8252,1
8253,0
8254,0
8255,1
8256,0
8257,0
8258,1
8259,0
8260,0
8261,0
8262,0
8263,0
8264,1
8265,0
8266,0
8267,0
8268,0
8269,0
8270,1
8271,1
8272,0
8273,0
8274,0
8275,1
8276,0
8277,0
8278,0
8279,1
8280,0
8281,0
8282,0
8283,0
8284,0
8285,0
8286,0
8287,0
8288,0
8289,0
8290,0
8291,1
8292,1
8293,0
8294,0
8295,1
8296,1
8297,0
8298,1
8299,0
8300,0
8301,0
8302,0
8303,1
8304,0
8305,0
8306,0
8307,1
8308,0
8309,0
8310,0
8311,1
8312,1
8313,1
8314,1
8315,0
8316,1
8317,0
8318,0
8319,0
8320,1
8321,1
8322,0
8323,1
8324,0
8325,1
8326,0
8327,0
8328,1
8329,0
8330,0
8331,0
8332,1
8333,0
8334,1
8335,1
8336,0
8337,1
8338,0
8339,0
8340,0
8341,0
8342,0
8343,0
8344,0
8345,1
8346,0
8347,1
8348,0
8349,1
8350,0
8351,1
8352,0
8353,0
8354,0
8355,0
8356,0
8357,0
8358,0
8359,0
8360,0
8361,0
8362,0
8363,1
8364,0
8365,0
8366,0
8367,0
8368,0
8369,0
8370,0
8371,0
8372,0
8373,1
8374,0
8375,0
8376,1
8377,1
8378,0
8379,1
8380,1
8381,1
8382,1
8383,0
8384,0
8385,0
8386,0
8387,0
8388,0
8389,0
8390,0
8391,0
8392,0
8393,0
8394,1
8395,0
8396,0
8397,1
8398,1
8399,0
8400,1
8401,1
8402,1
8403,1
8404,0
8405,0
8406,1
8407,1
8408,0
8409,0
8410,1
8411,1
8412,1
8413,0
8414,1
8415,0
8416,0
8417,0
8418,1
8419,0
8420,0
8421,0
8422,0
8423,0
8424,1
8425,0
8426,0
8427,0
8428,1
8429,0
8430,0
8431,0
8432,0
8433,0
8434,0
8435,0
8436,0
8437,1
8438,0
8439,1
8440,0
8441,1
8442,0
8443,0
8444,1
8445,1
8446,0
8447,0
8448,1
8449,0
8450,0
8451,1
8452,1
8453,0
8454,1
8455,0
8456,1
8457,1
8458,0
8459,1
8460,0
8461,0
8462,1
8463,0
8464,1
8465,1
8466,0
8467,1
8468,1
8469,0
8470,1
8471,0
8472,1
8473,0
8474,0
8475,1
8476,1
8477,0
8478,1
8479,0
8480,0
8481,1
8482,1
8483,1
8484,0
8485,0
8486,0
8487,0
8488,0
8489,1
8490,0
8491,0
8492,0
8493,0
8494,1
8495,0
8496,0
8497,0
8498,0
8499,1
8500,1
8501,0
8502,0
8503,1
8504,0
8505,1
8506,0
8507,0
8508,0
8509,1
8510,0
8511,0
8512,0
8513,1
8514,1
8515,1
8516,1
8517,0
8518,0
8519,0
8520,1
8521,0
8522,0
8523,0
8524,1
8525,1
8526,0
8527,0
8528,1
8529,0
8530,1
8531,0
8532,0
8533,0
8534,0
8535,0
8536,0
8537,0
8538,0
8539,1
8540,0
8541,0
8542,1
8543,1
8544,1
8545,0
8546,0
8547,0
8548,1
8549,0
8550,0
8551,0
8552,0
8553,1
8554,0
8555,0
8556,0
8557,0
8558,0
8559,0
8560,1
8561,0
8562,0
8563,1
8564,0
8565,0
8566,0
8567,1
8568,0
8569,0
8570,0
8571,1
8572,0
8573,0
8574,0
8575,1
8576,1
8577,0
8578,1
8579,0
8580,0
8581,1
8582,0
8583,0
8584,0
8585,0
8586,0
8587,0
8588,1
8589,0
8590,1
8591,0
8592,1
8593,0
8594,1
8595,0
8596,1
8597,1
8598,1
8599,0
8600,0
8601,0
8602,0
8603,0
8604,1
8605,0
8606,0
8607,1
8608,0
8609,1
8610,1
8611,1
8612,0
8613,0
8614,0
8615,0
8616,0
8617,1
8618,0
8619,0
8620,0
8621,0
8622,0
8623,1
8624,0
8625,1
8626,0
8627,0
8628,0
8629,0
8630,0
8631,0
8632,0
8633,0
8634,0
8635,1
8636,0
8637,0
8638,0
8639,1
8640,0
8641,1
8642,0
8643,1
8644,1
8645,0
8646,0
8647,0
8648,0
8649,0
8650,1
8651,0
8652,0
8653,1
8654,0
8655,0
8656,0
8657,0
8658,0
8659,0
8660,1
8661,1
8662,0
8663,0
8664,1
8665,1
8666,0
8667,1
8668,0
8669,0
8670,0
8671,0
8672,0
8673,0
8674,1
8675,0
8676,0
8677,0
8678,1
8679,0
8680,1
8681,0
8682,0
8683,1
8684,0
8685,1
8686,0
8687,1
8688,1
8689,1
8690,1
8691,0
8692,0
8693,1
8694,1
8695,1
8696,1
8697,0
8698,1
8699,0
8700,0
8701,0
8702,0
8703,0
8704,0
8705,0
8706,0
8707,0
8708,1
8709,0
8710,0
